temp1,temp2,temp3,temp4,temp5,temp6,temp7,temp8,temp9,temp10,temp11,temp12,temp13,temp14,temp15,temp16,temp17,temp18,temp19,temp20,temp21,temp22,temp23,temp24,temp25,temp26,temp27,temp28,temp29,temp30,temp31,temp32,temp33,temp34,temp35,temp36,temp37,temp38,temp39,temp40,temp41,temp42,temp43,temp44,temp45,temp46,temp47,temp48,group,use_state
36.0,35.93814432989691,35.1958762886598,35.0,35.29896907216495,35.0,35.49484536082474,35.25773195876289,35.11340206185567,35.0,35.0,34.97938144329897,34.93814432989691,35.0,34.77319587628866,35.22680412371134,34.75257731958763,34.670103092783506,35.0,34.69072164948454,35.0,35.0,35.0,35.0,35.2680412371134,35.0,35.96907216494845,36.0,36.0,35.20618556701031,36.0,36.0,35.175257731958766,35.0,35.0,35.175257731958766,35.0,35.0,35.0,35.63917525773196,35.58762886597938,35.09278350515464,34.8041237113402,34.72164948453608,35.02061855670103,35.0,35.07216494845361,35.95876288659794,0,-1
36.0,36.0,36.0,35.0,36.0,35.0,36.0,36.0,36.0,35.0,35.0,35.0,35.0,35.0,35.0,36.0,35.0,35.0,35.0,35.0,35.0,35.0,35.0,35.0,36.0,35.0,36.0,36.0,36.0,36.0,36.0,36.0,36.0,35.0,35.0,36.0,35.0,35.0,35.0,36.0,36.0,36.0,35.0,35.0,36.0,35.0,36.0,36.0,0,-1
36.0,35.0,35.0,35.0,35.0,35.0,35.0,35.0,35.0,35.0,35.0,34.0,34.0,35.0,34.0,35.0,34.0,34.0,35.0,34.0,35.0,35.0,35.0,35.0,35.0,35.0,35.0,36.0,36.0,35.0,36.0,36.0,35.0,35.0,35.0,35.0,35.0,35.0,35.0,35.0,35.0,35.0,34.0,34.0,35.0,35.0,35.0,35.0,0,-1
0.0,1.0,1.0,0.0,1.0,0.0,1.0,1.0,1.0,0.0,0.0,1.0,1.0,0.0,1.0,1.0,1.0,1.0,0.0,1.0,0.0,0.0,0.0,0.0,1.0,0.0,1.0,0.0,0.0,1.0,0.0,0.0,1.0,0.0,0.0,1.0,0.0,0.0,0.0,1.0,1.0,1.0,1.0,1.0,1.0,0.0,1.0,1.0,0,-1
0.0,0.0625,0.0625,0.0,0.0625,0.0,0.0625,0.0625,0.0625,0.0,0.0,0.0625,0.0625,0.0,0.0625,0.0625,0.0625,0.0625,0.0,0.0625,0.0,0.0,0.0,0.0,0.0625,0.0,0.0625,0.0,0.0,0.0625,0.0,0.0,0.0625,0.0,0.0,0.0625,0.0,0.0,0.0,0.0625,0.0625,0.0625,0.0625,0.0625,0.0625,0.0,0.0625,0.0625,0,-1
36.0,35.0,35.0,35.0,35.0,35.0,35.0,35.0,35.0,35.0,35.0,34.0,34.0,35.0,34.0,35.0,34.0,34.0,35.0,34.0,35.0,35.0,35.0,35.0,35.0,35.0,35.0,36.0,36.0,35.0,36.0,36.0,35.0,35.0,35.0,35.0,35.0,35.0,35.0,35.0,35.0,35.0,34.0,34.0,35.0,35.0,35.0,35.0,0,-1
36.72846441947566,36.31398252184769,36.32896379525593,35.892634207240945,36.359550561797754,36.10986267166042,36.41385767790262,36.18414481897628,36.30461922596754,36.194132334581774,36.186641697877654,36.08426966292135,36.20911360799001,35.9481897627965,35.86766541822722,36.29900124843945,35.920099875156055,35.976903870162296,36.1960049937578,35.66354556803995,36.12858926342072,36.158551810237206,36.30898876404494,35.97940074906367,36.37827715355805,35.80337078651685,36.107365792759055,36.19288389513109,36.56242197253433,36.144194756554306,36.34519350811485,36.65605493133583,36.46754057428215,36.15230961298377,36.26279650436954,36.52434456928839,36.48377028714108,36.48938826466917,36.27403245942572,36.504993757802744,36.55680399500624,36.503121098626714,36.17852684144819,36.01498127340824,36.52434456928839,36.26529338327091,36.40387016229713,36.62671660424469,1,-1
40.0,40.0,40.0,40.0,40.0,40.0,40.0,40.0,40.0,40.0,40.0,40.0,40.0,40.0,39.0,40.0,40.0,40.0,40.0,39.0,40.0,40.0,40.0,40.0,40.0,39.0,39.0,39.0,40.0,40.0,39.0,40.0,40.0,40.0,40.0,40.0,40.0,40.0,40.0,40.0,40.0,40.0,40.0,40.0,40.0,40.0,40.0,40.0,1,-1
-40.0,-40.0,-40.0,-40.0,-40.0,-40.0,-40.0,-40.0,-40.0,-40.0,-40.0,-40.0,-40.0,-40.0,-40.0,-40.0,-40.0,-40.0,-40.0,-40.0,-40.0,-40.0,-40.0,-40.0,-40.0,-40.0,-40.0,-40.0,-40.0,-40.0,-40.0,-40.0,-40.0,-40.0,-40.0,-40.0,-40.0,-40.0,-40.0,-40.0,-40.0,-40.0,-40.0,-40.0,-40.0,-40.0,-40.0,-40.0,1,-1
80.0,80.0,80.0,80.0,80.0,80.0,80.0,80.0,80.0,80.0,80.0,80.0,80.0,80.0,79.0,80.0,80.0,80.0,80.0,79.0,80.0,80.0,80.0,80.0,80.0,79.0,79.0,79.0,80.0,80.0,79.0,80.0,80.0,80.0,80.0,80.0,80.0,80.0,80.0,80.0,80.0,80.0,80.0,80.0,80.0,80.0,80.0,80.0,1,-1
0.006991917052557367,0.006991917052557367,0.006991917052557367,0.006991917052557367,0.006991917052557367,0.006991917052557367,0.006991917052557367,0.006991917052557367,0.006991917052557367,0.006991917052557367,0.006991917052557367,0.006991917052557367,0.006991917052557367,0.006991917052557367,0.0069045180894003995,0.006991917052557367,0.006991917052557367,0.006991917052557367,0.006991917052557367,0.0069045180894003995,0.006991917052557367,0.006991917052557367,0.006991917052557367,0.006991917052557367,0.006991917052557367,0.0069045180894003995,0.0069045180894003995,0.0069045180894003995,0.006991917052557367,0.006991917052557367,0.0069045180894003995,0.006991917052557367,0.006991917052557367,0.006991917052557367,0.006991917052557367,0.006991917052557367,0.006991917052557367,0.006991917052557367,0.006991917052557367,0.006991917052557367,0.006991917052557367,0.006991917052557367,0.006991917052557367,0.006991917052557367,0.006991917052557367,0.006991917052557367,0.006991917052557367,0.006991917052557367,1,-1
40.0,40.0,40.0,40.0,40.0,40.0,40.0,40.0,40.0,40.0,40.0,40.0,40.0,40.0,39.0,40.0,40.0,40.0,40.0,39.0,40.0,40.0,40.0,40.0,40.0,39.0,39.0,39.0,40.0,40.0,39.0,40.0,40.0,40.0,40.0,40.0,40.0,40.0,40.0,40.0,40.0,40.0,40.0,40.0,40.0,40.0,40.0,40.0,1,-1
30.75770206596593,30.43548387096774,30.42243566509605,30.161109097499093,30.56904675607104,30.457230880753897,30.723269300471184,30.6123595505618,30.516310257339615,30.43983327292497,30.411924610366075,30.382747372236317,30.416092787241755,30.35810076114534,30.344690105110548,30.557085900688655,30.363899963754985,30.379122870605293,30.440014498006523,30.138455962305184,30.413918086263138,30.421710764769845,30.510511054729974,30.46158028271113,30.656940920623413,30.34940195723088,30.429140993113446,30.538600942370422,30.638818412468286,30.393439652047842,30.658390721275826,30.994925697716564,30.697897789054004,30.400869880391447,30.351576658209495,30.613084450888003,30.59731786879304,30.501268575570858,30.606197897789055,30.8452337803552,30.888365349764406,30.61960855382385,30.306089162740122,30.233599130119607,30.512323305545486,30.299746284885828,30.516491482421166,30.819137368611816,2,-1
45.0,45.0,45.0,45.0,44.0,43.0,43.0,43.0,43.0,43.0,44.0,44.0,44.0,43.0,43.0,43.0,43.0,43.0,44.0,44.0,44.0,44.0,44.0,43.0,44.0,43.0,44.0,44.0,45.0,44.0,44.0,44.0,44.0,44.0,44.0,45.0,45.0,44.0,44.0,45.0,45.0,45.0,45.0,45.0,45.0,44.0,45.0,45.0,2,-1
-40.0,-40.0,-40.0,-40.0,-40.0,-40.0,-40.0,-40.0,-40.0,-40.0,-40.0,-40.0,-40.0,-40.0,-40.0,-40.0,-40.0,-40.0,-40.0,-40.0,-40.0,-40.0,-40.0,-40.0,-40.0,-40.0,-40.0,-40.0,-40.0,-40.0,-40.0,-40.0,-40.0,-40.0,-40.0,-40.0,-40.0,-40.0,-40.0,-40.0,-40.0,-40.0,-40.0,-40.0,-40.0,-40.0,-40.0,-40.0,2,-1
85.0,85.0,85.0,85.0,84.0,83.0,83.0,83.0,83.0,83.0,84.0,84.0,84.0,83.0,83.0,83.0,83.0,83.0,84.0,84.0,84.0,84.0,84.0,83.0,84.0,83.0,84.0,84.0,85.0,84.0,84.0,84.0,84.0,84.0,84.0,85.0,85.0,84.0,84.0,85.0,85.0,85.0,85.0,85.0,85.0,84.0,85.0,85.0,2,-1
0.005666345573750821,0.005666345573750821,0.005666345573750821,0.005666345573750821,0.00559968268464787,0.005533019795544919,0.005533019795544919,0.005533019795544919,0.005533019795544919,0.005533019795544919,0.00559968268464787,0.00559968268464787,0.00559968268464787,0.005533019795544919,0.005533019795544919,0.005533019795544919,0.005533019795544919,0.005533019795544919,0.00559968268464787,0.00559968268464787,0.00559968268464787,0.00559968268464787,0.00559968268464787,0.005533019795544919,0.00559968268464787,0.005533019795544919,0.00559968268464787,0.00559968268464787,0.005666345573750821,0.00559968268464787,0.00559968268464787,0.00559968268464787,0.00559968268464787,0.00559968268464787,0.00559968268464787,0.005666345573750821,0.005666345573750821,0.00559968268464787,0.00559968268464787,0.005666345573750821,0.005666345573750821,0.005666345573750821,0.005666345573750821,0.005666345573750821,0.005666345573750821,0.00559968268464787,0.005666345573750821,0.005666345573750821,2,-1
42.0,42.0,42.0,41.0,42.0,41.0,42.0,42.0,42.0,42.0,42.0,42.0,42.0,42.0,41.0,42.0,42.0,42.0,42.0,41.0,42.0,42.0,42.0,41.0,42.0,41.0,41.0,41.0,42.0,41.0,41.0,41.0,42.0,42.0,42.0,42.0,42.0,42.0,42.0,42.0,42.0,42.0,42.0,42.0,42.0,42.0,42.0,42.0,2,-1
35.0,35.0,35.0,34.0,35.0,34.57692307692308,35.0,35.0,35.0,35.0,35.0,34.46153846153846,35.0,35.0,34.34615384615385,35.0,35.0,35.0,35.0,34.0,35.0,35.0,35.0,35.0,35.0,34.0,34.0,34.80769230769231,35.0,35.0,35.0,35.0,35.0,35.0,35.0,35.0,35.0,35.0,35.0,35.0,35.53846153846154,35.0,35.0,35.0,35.0,35.0,35.0,35.0,3,-1
35.0,35.0,35.0,34.0,35.0,35.0,35.0,35.0,35.0,35.0,35.0,35.0,35.0,35.0,35.0,35.0,35.0,35.0,35.0,34.0,35.0,35.0,35.0,35.0,35.0,34.0,34.0,35.0,35.0,35.0,35.0,35.0,35.0,35.0,35.0,35.0,35.0,35.0,35.0,35.0,36.0,35.0,35.0,35.0,35.0,35.0,35.0,35.0,3,-1
35.0,35.0,35.0,34.0,35.0,34.0,35.0,35.0,35.0,35.0,35.0,34.0,35.0,35.0,34.0,35.0,35.0,35.0,35.0,34.0,35.0,35.0,35.0,35.0,35.0,34.0,34.0,34.0,35.0,35.0,35.0,35.0,35.0,35.0,35.0,35.0,35.0,35.0,35.0,35.0,35.0,35.0,35.0,35.0,35.0,35.0,35.0,35.0,3,-1
0.0,0.0,0.0,0.0,0.0,1.0,0.0,0.0,0.0,0.0,0.0,1.0,0.0,0.0,1.0,0.0,0.0,0.0,0.0,0.0,0.0,0.0,0.0,0.0,0.0,0.0,0.0,1.0,0.0,0.0,0.0,0.0,0.0,0.0,0.0,0.0,0.0,0.0,0.0,0.0,1.0,0.0,0.0,0.0,0.0,0.0,0.0,0.0,3,-1
0.0,0.0,0.0,0.0,0.0,0.24,0.0,0.0,0.0,0.0,0.0,0.24,0.0,0.0,0.24,0.0,0.0,0.0,0.0,0.0,0.0,0.0,0.0,0.0,0.0,0.0,0.0,0.24,0.0,0.0,0.0,0.0,0.0,0.0,0.0,0.0,0.0,0.0,0.0,0.0,0.24,0.0,0.0,0.0,0.0,0.0,0.0,0.0,3,-1
35.0,35.0,35.0,34.0,35.0,34.0,35.0,35.0,35.0,35.0,35.0,34.0,35.0,35.0,34.0,35.0,35.0,35.0,35.0,34.0,35.0,35.0,35.0,35.0,35.0,34.0,34.0,34.0,35.0,35.0,35.0,35.0,35.0,35.0,35.0,35.0,35.0,35.0,35.0,35.0,35.0,35.0,35.0,35.0,35.0,35.0,35.0,35.0,3,-1
36.0,35.0,35.0,35.0,35.0,35.0,36.0,36.0,36.0,36.0,35.0,35.0,36.0,35.0,35.0,36.0,35.0,35.0,35.0,35.0,35.0,35.0,36.0,35.0,36.0,35.0,35.0,35.0,36.0,35.0,36.0,36.0,36.0,35.0,35.0,36.0,36.0,36.0,36.0,36.0,36.0,36.0,36.0,35.0,36.0,35.0,36.0,36.0,4,-1
36.0,35.0,35.0,35.0,35.0,35.0,36.0,36.0,36.0,36.0,35.0,35.0,36.0,35.0,35.0,36.0,35.0,35.0,35.0,35.0,35.0,35.0,36.0,35.0,36.0,35.0,35.0,35.0,36.0,35.0,36.0,36.0,36.0,35.0,35.0,36.0,36.0,36.0,36.0,36.0,36.0,36.0,36.0,35.0,36.0,35.0,36.0,36.0,4,-1
36.0,35.0,35.0,35.0,35.0,35.0,36.0,36.0,36.0,36.0,35.0,35.0,36.0,35.0,35.0,36.0,35.0,35.0,35.0,35.0,35.0,35.0,36.0,35.0,36.0,35.0,35.0,35.0,36.0,35.0,36.0,36.0,36.0,35.0,35.0,36.0,36.0,36.0,36.0,36.0,36.0,36.0,36.0,35.0,36.0,35.0,36.0,36.0,4,-1
0.0,0.0,0.0,0.0,0.0,0.0,0.0,0.0,0.0,0.0,0.0,0.0,0.0,0.0,0.0,0.0,0.0,0.0,0.0,0.0,0.0,0.0,0.0,0.0,0.0,0.0,0.0,0.0,0.0,0.0,0.0,0.0,0.0,0.0,0.0,0.0,0.0,0.0,0.0,0.0,0.0,0.0,0.0,0.0,0.0,0.0,0.0,0.0,4,-1
0.0,0.0,0.0,0.0,0.0,0.0,0.0,0.0,0.0,0.0,0.0,0.0,0.0,0.0,0.0,0.0,0.0,0.0,0.0,0.0,0.0,0.0,0.0,0.0,0.0,0.0,0.0,0.0,0.0,0.0,0.0,0.0,0.0,0.0,0.0,0.0,0.0,0.0,0.0,0.0,0.0,0.0,0.0,0.0,0.0,0.0,0.0,0.0,4,-1
36.0,35.0,35.0,35.0,35.0,35.0,36.0,36.0,36.0,36.0,35.0,35.0,36.0,35.0,35.0,36.0,35.0,35.0,35.0,35.0,35.0,35.0,36.0,35.0,36.0,35.0,35.0,35.0,36.0,35.0,36.0,36.0,36.0,35.0,35.0,36.0,36.0,36.0,36.0,36.0,36.0,36.0,36.0,35.0,36.0,35.0,36.0,36.0,4,-1
31.27803477428617,30.901100654011803,31.09905886106237,30.792311373424788,31.291593555591003,30.884032541075133,31.18918487797097,30.993140851810494,31.077524326048813,30.9430531185197,31.12777157441378,30.992662306587974,31.366406125378848,31.005742542670284,30.792949433721486,31.214866804913065,30.905088530866166,30.960918806827245,31.31839208805232,30.834901898229383,31.174190460998563,31.12490030307864,31.197958207050565,30.92566597543468,31.213750199393843,30.779071622268305,30.90094113893763,30.99856436433243,31.40468974318073,30.997288243739032,31.075769660232893,31.219173711915776,31.331631839208804,31.04737597702983,31.276120593396076,31.519062051363854,31.53517307385548,31.452225235284736,31.318870633274845,31.46052001914181,31.606476312011484,31.479023767746053,31.336895836656563,31.107991705216143,31.470250438666454,31.091561652576168,31.103046737916735,31.301643005263998,5,-1
37.0,36.0,37.0,36.0,37.0,36.0,37.0,37.0,37.0,37.0,37.0,37.0,37.0,37.0,36.0,37.0,37.0,37.0,37.0,36.0,37.0,37.0,37.0,36.0,37.0,36.0,36.0,36.0,37.0,36.0,36.0,37.0,37.0,37.0,37.0,37.0,37.0,37.0,37.0,37.0,37.0,37.0,37.0,37.0,37.0,37.0,37.0,37.0,5,-1
20.0,20.0,20.0,20.0,20.0,20.0,20.0,20.0,20.0,20.0,20.0,20.0,20.0,20.0,20.0,20.0,20.0,20.0,20.0,20.0,20.0,20.0,20.0,20.0,20.0,20.0,20.0,20.0,20.0,20.0,20.0,20.0,20.0,20.0,20.0,20.0,20.0,20.0,20.0,20.0,20.0,20.0,20.0,20.0,20.0,20.0,20.0,20.0,5,-1
17.0,16.0,17.0,16.0,17.0,16.0,17.0,17.0,17.0,17.0,17.0,17.0,17.0,17.0,16.0,17.0,17.0,17.0,17.0,16.0,17.0,17.0,17.0,16.0,17.0,16.0,16.0,16.0,17.0,16.0,16.0,17.0,17.0,17.0,17.0,17.0,17.0,17.0,17.0,17.0,17.0,17.0,17.0,17.0,17.0,17.0,17.0,17.0,5,-1
0.0017734658216623635,0.001669144302741048,0.0017734658216623635,0.001669144302741048,0.0017734658216623635,0.001669144302741048,0.0017734658216623635,0.0017734658216623635,0.0017734658216623635,0.0017734658216623635,0.0017734658216623635,0.0017734658216623635,0.0017734658216623635,0.0017734658216623635,0.001669144302741048,0.0017734658216623635,0.0017734658216623635,0.0017734658216623635,0.0017734658216623635,0.001669144302741048,0.0017734658216623635,0.0017734658216623635,0.0017734658216623635,0.001669144302741048,0.0017734658216623635,0.001669144302741048,0.001669144302741048,0.001669144302741048,0.0017734658216623635,0.001669144302741048,0.001669144302741048,0.0017734658216623635,0.0017734658216623635,0.0017734658216623635,0.0017734658216623635,0.0017734658216623635,0.0017734658216623635,0.0017734658216623635,0.0017734658216623635,0.0017734658216623635,0.0017734658216623635,0.0017734658216623635,0.0017734658216623635,0.0017734658216623635,0.0017734658216623635,0.0017734658216623635,0.0017734658216623635,0.0017734658216623635,5,-1
37.0,36.0,37.0,36.0,37.0,36.0,37.0,37.0,37.0,37.0,37.0,37.0,37.0,37.0,36.0,37.0,37.0,37.0,37.0,36.0,37.0,37.0,37.0,36.0,37.0,36.0,36.0,36.0,37.0,36.0,36.0,37.0,37.0,37.0,37.0,37.0,37.0,37.0,37.0,37.0,37.0,37.0,37.0,37.0,37.0,37.0,37.0,37.0,5,-1
34.0,34.0,34.0,33.0,34.0,34.0,35.0,34.59166666666667,34.59166666666667,34.0,34.0,34.0,34.0,34.0,34.0,34.0,34.0,34.0,34.0,33.40833333333333,34.0,34.0,34.0,34.0,34.0,34.0,33.94166666666667,34.0,34.0,33.9,34.0,34.0,34.0,34.0,34.0,34.0,34.0,34.0,34.0,34.0,35.0,34.0,34.0,34.0,34.0,34.0,34.0,34.325,6,-1
34.0,34.0,34.0,33.0,34.0,34.0,35.0,35.0,35.0,34.0,34.0,34.0,34.0,34.0,34.0,34.0,34.0,34.0,34.0,34.0,34.0,34.0,34.0,34.0,34.0,34.0,34.0,34.0,34.0,34.0,34.0,34.0,34.0,34.0,34.0,34.0,34.0,34.0,34.0,34.0,35.0,34.0,34.0,34.0,34.0,34.0,34.0,35.0,6,-1
34.0,34.0,34.0,33.0,34.0,34.0,35.0,34.0,34.0,34.0,34.0,34.0,34.0,34.0,34.0,34.0,34.0,34.0,34.0,33.0,34.0,34.0,34.0,34.0,34.0,34.0,33.0,34.0,34.0,33.0,34.0,34.0,34.0,34.0,34.0,34.0,34.0,34.0,34.0,34.0,35.0,34.0,34.0,34.0,34.0,34.0,34.0,34.0,6,-1
0.0,0.0,0.0,0.0,0.0,0.0,0.0,1.0,1.0,0.0,0.0,0.0,0.0,0.0,0.0,0.0,0.0,0.0,0.0,1.0,0.0,0.0,0.0,0.0,0.0,0.0,1.0,0.0,0.0,1.0,0.0,0.0,0.0,0.0,0.0,0.0,0.0,0.0,0.0,0.0,0.0,0.0,0.0,0.0,0.0,0.0,0.0,1.0,6,-1
0.0,0.0,0.0,0.0,0.0,0.0,0.0,0.05042016806722689,0.05042016806722689,0.0,0.0,0.0,0.0,0.0,0.0,0.0,0.0,0.0,0.0,0.05042016806722689,0.0,0.0,0.0,0.0,0.0,0.0,0.05042016806722689,0.0,0.0,0.05042016806722689,0.0,0.0,0.0,0.0,0.0,0.0,0.0,0.0,0.0,0.0,0.0,0.0,0.0,0.0,0.0,0.0,0.0,0.05042016806722689,6,-1
34.0,34.0,34.0,33.0,34.0,34.0,35.0,34.0,34.0,34.0,34.0,34.0,34.0,34.0,34.0,34.0,34.0,34.0,34.0,33.0,34.0,34.0,34.0,34.0,34.0,34.0,33.0,34.0,34.0,33.0,34.0,34.0,34.0,34.0,34.0,34.0,34.0,34.0,34.0,34.0,35.0,34.0,34.0,34.0,34.0,34.0,34.0,34.0,6,-1
31.128226477935055,30.771190674437968,30.818984179850126,30.61315570358035,30.932889258950873,30.590174854288094,31.06511240632806,30.793505412156538,30.914404662781017,30.72639467110741,30.771523730224814,30.731557035803498,30.88393005828476,30.711407160699416,30.494754371357203,30.889425478767695,30.59300582847627,30.64646128226478,30.816819317235637,30.556869275603663,30.777685262281434,30.74504579517069,30.90058284762698,30.67044129891757,30.90924229808493,30.498084929225644,30.540549542048293,30.73555370524563,31.107577019150707,30.792006661115735,31.009825145711908,31.13971690258118,31.16586178184846,30.947710241465444,30.850957535387177,31.17601998334721,31.258617818484595,31.188009991673606,31.150707743547045,31.27826810990841,31.381182348043296,31.25795170691091,30.903580349708577,30.789508742714403,31.181182348043297,30.784013322231473,31.096253122398,31.23563696919234,7,-1
35.0,35.0,34.0,34.0,35.0,34.0,35.0,35.0,35.0,35.0,34.0,34.0,35.0,34.0,34.0,34.0,34.0,34.0,34.0,34.0,34.0,34.0,34.0,34.0,34.0,34.0,34.0,34.0,34.0,34.0,34.0,34.0,35.0,34.0,34.0,35.0,35.0,35.0,35.0,35.0,35.0,35.0,35.0,35.0,35.0,35.0,35.0,35.0,7,-1
20.0,20.0,20.0,20.0,20.0,20.0,20.0,20.0,20.0,20.0,20.0,20.0,20.0,20.0,20.0,20.0,20.0,20.0,20.0,20.0,20.0,20.0,20.0,20.0,20.0,20.0,20.0,20.0,20.0,20.0,20.0,20.0,20.0,20.0,20.0,20.0,20.0,20.0,20.0,20.0,20.0,20.0,20.0,20.0,20.0,20.0,20.0,20.0,7,-1
15.0,15.0,14.0,14.0,15.0,14.0,15.0,15.0,15.0,15.0,14.0,14.0,15.0,14.0,14.0,14.0,14.0,14.0,14.0,14.0,14.0,14.0,14.0,14.0,14.0,14.0,14.0,14.0,14.0,14.0,14.0,14.0,15.0,14.0,14.0,15.0,15.0,15.0,15.0,15.0,15.0,15.0,15.0,15.0,15.0,15.0,15.0,15.0,7,-1
0.002535661258195116,0.002535661258195116,0.002366617174315442,0.002366617174315442,0.002535661258195116,0.002366617174315442,0.002535661258195116,0.002535661258195116,0.002535661258195116,0.002535661258195116,0.002366617174315442,0.002366617174315442,0.002535661258195116,0.002366617174315442,0.002366617174315442,0.002366617174315442,0.002366617174315442,0.002366617174315442,0.002366617174315442,0.002366617174315442,0.002366617174315442,0.002366617174315442,0.002366617174315442,0.002366617174315442,0.002366617174315442,0.002366617174315442,0.002366617174315442,0.002366617174315442,0.002366617174315442,0.002366617174315442,0.002366617174315442,0.002366617174315442,0.002535661258195116,0.002366617174315442,0.002366617174315442,0.002535661258195116,0.002535661258195116,0.002535661258195116,0.002535661258195116,0.002535661258195116,0.002535661258195116,0.002535661258195116,0.002535661258195116,0.002535661258195116,0.002535661258195116,0.002535661258195116,0.002535661258195116,0.002535661258195116,7,-1
35.0,35.0,34.0,34.0,35.0,34.0,35.0,35.0,35.0,35.0,34.0,34.0,35.0,34.0,34.0,34.0,34.0,34.0,34.0,34.0,34.0,34.0,34.0,34.0,34.0,34.0,34.0,34.0,34.0,34.0,34.0,34.0,35.0,34.0,34.0,35.0,35.0,35.0,35.0,35.0,35.0,35.0,35.0,35.0,35.0,35.0,35.0,35.0,7,-1
31.72205438066465,31.44666511735998,31.501510574018127,31.273994887287937,31.581919590983034,31.44852428538229,31.739484080873808,31.60492679525912,31.637927027655124,31.471996281663955,31.425052289100627,31.40436904485243,31.522658610271904,31.39530560074367,31.285614687427376,31.761096909133162,31.44875668138508,31.466418777597024,31.608180339298166,31.32791075993493,31.540320706483847,31.520334650244017,31.64489890773879,31.559377178712527,31.740413664884965,31.31884731582617,31.486172437834067,31.548686962584245,31.688356960260283,31.4710666976528,31.653032767836393,31.85684406228213,31.6590750639089,31.506623286079478,31.481756913781084,31.828259353939114,31.898675342784106,31.797815477573785,31.654891935858704,31.902626074831513,31.961654659539857,31.744596792935162,31.491517545898212,31.39344643272136,31.729491052753893,31.399953520799443,31.62003253544039,31.782709737392516,8,-1
35.0,34.0,35.0,34.0,35.0,34.0,35.0,35.0,35.0,35.0,35.0,34.0,35.0,35.0,34.0,35.0,35.0,35.0,35.0,34.0,35.0,35.0,35.0,34.0,35.0,34.0,35.0,35.0,35.0,34.0,35.0,35.0,35.0,34.0,35.0,35.0,35.0,35.0,35.0,35.0,35.0,35.0,35.0,35.0,35.0,35.0,35.0,35.0,8,-1
29.0,28.0,29.0,29.0,29.0,29.0,29.0,29.0,29.0,28.0,29.0,29.0,29.0,29.0,28.0,29.0,28.0,29.0,29.0,29.0,29.0,29.0,29.0,29.0,29.0,28.0,29.0,29.0,29.0,29.0,29.0,29.0,29.0,29.0,29.0,29.0,29.0,29.0,29.0,29.0,29.0,29.0,29.0,29.0,29.0,29.0,28.0,29.0,8,-1
6.0,6.0,6.0,5.0,6.0,5.0,6.0,6.0,6.0,7.0,6.0,5.0,6.0,6.0,6.0,6.0,7.0,6.0,6.0,5.0,6.0,6.0,6.0,5.0,6.0,6.0,6.0,6.0,6.0,5.0,6.0,6.0,6.0,5.0,6.0,6.0,6.0,6.0,6.0,6.0,6.0,6.0,6.0,6.0,6.0,6.0,7.0,6.0,8,-1
0.0012076767988513652,0.0012076767988513652,0.0012076767988513652,0.0010063973323761377,0.0012076767988513652,0.0010063973323761377,0.0012076767988513652,0.0012076767988513652,0.0012076767988513652,0.0014089562653265928,0.0012076767988513652,0.0010063973323761377,0.0012076767988513652,0.0012076767988513652,0.0012076767988513652,0.0012076767988513652,0.0014089562653265928,0.0012076767988513652,0.0012076767988513652,0.0010063973323761377,0.0012076767988513652,0.0012076767988513652,0.0012076767988513652,0.0010063973323761377,0.0012076767988513652,0.0012076767988513652,0.0012076767988513652,0.0012076767988513652,0.0012076767988513652,0.0010063973323761377,0.0012076767988513652,0.0012076767988513652,0.0012076767988513652,0.0010063973323761377,0.0012076767988513652,0.0012076767988513652,0.0012076767988513652,0.0012076767988513652,0.0012076767988513652,0.0012076767988513652,0.0012076767988513652,0.0012076767988513652,0.0012076767988513652,0.0012076767988513652,0.0012076767988513652,0.0012076767988513652,0.0014089562653265928,0.0012076767988513652,8,-1
35.0,34.0,35.0,34.0,35.0,34.0,35.0,35.0,35.0,35.0,35.0,34.0,35.0,35.0,34.0,35.0,35.0,35.0,35.0,34.0,35.0,35.0,35.0,34.0,35.0,34.0,35.0,35.0,35.0,34.0,35.0,35.0,35.0,34.0,35.0,35.0,35.0,35.0,35.0,35.0,35.0,35.0,35.0,35.0,35.0,35.0,35.0,35.0,8,-1
33.0,32.0,32.0,32.0,32.0,32.0,33.0,33.0,33.0,33.0,32.0,32.0,32.0,32.0,32.0,33.0,32.0,32.0,32.0,32.0,32.0,32.0,33.0,32.0,33.0,32.0,32.0,32.0,32.0,32.0,32.0,33.0,33.0,32.0,32.0,32.0,32.0,32.0,33.0,33.0,33.0,33.0,32.0,32.0,32.0,32.0,33.0,33.0,9,-1
33.0,32.0,32.0,32.0,32.0,32.0,33.0,33.0,33.0,33.0,32.0,32.0,32.0,32.0,32.0,33.0,32.0,32.0,32.0,32.0,32.0,32.0,33.0,32.0,33.0,32.0,32.0,32.0,32.0,32.0,32.0,33.0,33.0,32.0,32.0,32.0,32.0,32.0,33.0,33.0,33.0,33.0,32.0,32.0,32.0,32.0,33.0,33.0,9,-1
33.0,32.0,32.0,32.0,32.0,32.0,33.0,33.0,33.0,33.0,32.0,32.0,32.0,32.0,32.0,33.0,32.0,32.0,32.0,32.0,32.0,32.0,33.0,32.0,33.0,32.0,32.0,32.0,32.0,32.0,32.0,33.0,33.0,32.0,32.0,32.0,32.0,32.0,33.0,33.0,33.0,33.0,32.0,32.0,32.0,32.0,33.0,33.0,9,-1
0.0,0.0,0.0,0.0,0.0,0.0,0.0,0.0,0.0,0.0,0.0,0.0,0.0,0.0,0.0,0.0,0.0,0.0,0.0,0.0,0.0,0.0,0.0,0.0,0.0,0.0,0.0,0.0,0.0,0.0,0.0,0.0,0.0,0.0,0.0,0.0,0.0,0.0,0.0,0.0,0.0,0.0,0.0,0.0,0.0,0.0,0.0,0.0,9,-1
0.0,0.0,0.0,0.0,0.0,0.0,0.0,0.0,0.0,0.0,0.0,0.0,0.0,0.0,0.0,0.0,0.0,0.0,0.0,0.0,0.0,0.0,0.0,0.0,0.0,0.0,0.0,0.0,0.0,0.0,0.0,0.0,0.0,0.0,0.0,0.0,0.0,0.0,0.0,0.0,0.0,0.0,0.0,0.0,0.0,0.0,0.0,0.0,9,-1
33.0,32.0,32.0,32.0,32.0,32.0,33.0,33.0,33.0,33.0,32.0,32.0,32.0,32.0,32.0,33.0,32.0,32.0,32.0,32.0,32.0,32.0,33.0,32.0,33.0,32.0,32.0,32.0,32.0,32.0,32.0,33.0,33.0,32.0,32.0,32.0,32.0,32.0,33.0,33.0,33.0,33.0,32.0,32.0,32.0,32.0,33.0,33.0,9,-1
34.0,34.0,33.95798319327731,33.0,34.0,34.0,35.0,34.0,34.0,34.0,34.0,34.0,34.0,34.0,34.0,34.0,34.0,34.0,34.0,33.53781512605042,34.0,34.0,34.0,34.0,34.0,33.0,33.0,33.64705882352941,34.0,33.35294117647059,34.0,34.0,34.0,34.0,34.0,34.0,34.0,34.0,34.0,34.0,35.0,34.0,34.0,34.0,34.0,34.0,34.0,34.0,10,-1
34.0,34.0,34.0,33.0,34.0,34.0,35.0,34.0,34.0,34.0,34.0,34.0,34.0,34.0,34.0,34.0,34.0,34.0,34.0,34.0,34.0,34.0,34.0,34.0,34.0,33.0,33.0,34.0,34.0,34.0,34.0,34.0,34.0,34.0,34.0,34.0,34.0,34.0,34.0,34.0,35.0,34.0,34.0,34.0,34.0,34.0,34.0,34.0,10,-1
34.0,34.0,33.0,33.0,34.0,34.0,35.0,34.0,34.0,34.0,34.0,34.0,34.0,34.0,34.0,34.0,34.0,34.0,34.0,33.0,34.0,34.0,34.0,34.0,34.0,33.0,33.0,33.0,34.0,33.0,34.0,34.0,34.0,34.0,34.0,34.0,34.0,34.0,34.0,34.0,35.0,34.0,34.0,34.0,34.0,34.0,34.0,34.0,10,-1
0.0,0.0,1.0,0.0,0.0,0.0,0.0,0.0,0.0,0.0,0.0,0.0,0.0,0.0,0.0,0.0,0.0,0.0,0.0,1.0,0.0,0.0,0.0,0.0,0.0,0.0,0.0,1.0,0.0,1.0,0.0,0.0,0.0,0.0,0.0,0.0,0.0,0.0,0.0,0.0,0.0,0.0,0.0,0.0,0.0,0.0,0.0,0.0,10,-1
0.0,0.0,0.05084745762711864,0.0,0.0,0.0,0.0,0.0,0.0,0.0,0.0,0.0,0.0,0.0,0.0,0.0,0.0,0.0,0.0,0.05084745762711864,0.0,0.0,0.0,0.0,0.0,0.0,0.0,0.05084745762711864,0.0,0.05084745762711864,0.0,0.0,0.0,0.0,0.0,0.0,0.0,0.0,0.0,0.0,0.0,0.0,0.0,0.0,0.0,0.0,0.0,0.0,10,-1
34.0,34.0,33.0,33.0,34.0,34.0,35.0,34.0,34.0,34.0,34.0,34.0,34.0,34.0,34.0,34.0,34.0,34.0,34.0,33.0,34.0,34.0,34.0,34.0,34.0,33.0,33.0,33.0,34.0,33.0,34.0,34.0,34.0,34.0,34.0,34.0,34.0,34.0,34.0,34.0,35.0,34.0,34.0,34.0,34.0,34.0,34.0,34.0,10,-1
33.15185057073677,32.91975095122795,32.97198201314424,32.71670702179177,32.98339674852992,32.84814942926323,32.993427879626424,32.89761328260118,32.93289519197509,32.87512971290211,32.90245589761328,32.823244552058114,32.93497059840885,32.80145278450363,32.60255966793497,32.92874437910758,32.6582497405742,32.74991352473193,32.88758215150467,32.602213766862675,32.8083708059495,32.76374956762366,32.849533033552405,32.622621930127984,32.83777239709443,32.49775164303009,32.567277758561055,32.67727429955033,32.99204427533726,32.75233483223798,32.92493946731235,33.05741957800069,33.01245243860256,32.84918713248011,32.88758215150467,33.11034244206157,33.25285368384642,33.117260463507435,32.984780352819094,33.1189899688689,33.6219301279834,33.30785195434106,32.95641646489104,32.844344517468,33.19647180906261,32.88861985472155,33.03043929436181,33.297474922172256,11,-1
40.0,39.0,39.0,39.0,39.0,39.0,40.0,39.0,39.0,39.0,39.0,39.0,39.0,39.0,39.0,39.0,39.0,39.0,39.0,38.0,39.0,39.0,39.0,39.0,40.0,39.0,39.0,39.0,39.0,39.0,39.0,39.0,39.0,39.0,39.0,39.0,39.0,39.0,39.0,39.0,40.0,39.0,39.0,39.0,39.0,39.0,39.0,39.0,11,-1
20.0,20.0,20.0,20.0,20.0,20.0,20.0,20.0,20.0,20.0,20.0,20.0,20.0,20.0,20.0,20.0,20.0,20.0,20.0,20.0,20.0,20.0,20.0,20.0,20.0,20.0,20.0,20.0,20.0,20.0,20.0,20.0,20.0,20.0,20.0,20.0,20.0,20.0,20.0,20.0,20.0,20.0,20.0,20.0,20.0,20.0,20.0,20.0,11,-1
20.0,19.0,19.0,19.0,19.0,19.0,20.0,19.0,19.0,19.0,19.0,19.0,19.0,19.0,19.0,19.0,19.0,19.0,19.0,18.0,19.0,19.0,19.0,19.0,20.0,19.0,19.0,19.0,19.0,19.0,19.0,19.0,19.0,19.0,19.0,19.0,19.0,19.0,19.0,19.0,20.0,19.0,19.0,19.0,19.0,19.0,19.0,19.0,11,-1
0.004385676380939851,0.004166392561892857,0.004166392561892857,0.004166392561892857,0.004166392561892857,0.004166392561892857,0.004385676380939851,0.004166392561892857,0.004166392561892857,0.004166392561892857,0.004166392561892857,0.004166392561892857,0.004166392561892857,0.004166392561892857,0.004166392561892857,0.004166392561892857,0.004166392561892857,0.004166392561892857,0.004166392561892857,0.003947108742845865,0.004166392561892857,0.004166392561892857,0.004166392561892857,0.004166392561892857,0.004385676380939851,0.004166392561892857,0.004166392561892857,0.004166392561892857,0.004166392561892857,0.004166392561892857,0.004166392561892857,0.004166392561892857,0.004166392561892857,0.004166392561892857,0.004166392561892857,0.004166392561892857,0.004166392561892857,0.004166392561892857,0.004166392561892857,0.004166392561892857,0.004385676380939851,0.004166392561892857,0.004166392561892857,0.004166392561892857,0.004166392561892857,0.004166392561892857,0.004166392561892857,0.004166392561892857,11,-1
34.0,34.0,34.0,34.0,34.0,34.0,34.0,34.0,34.0,34.0,34.0,34.0,34.0,34.0,34.0,34.0,34.0,34.0,34.0,34.0,34.0,34.0,34.0,33.0,34.0,33.0,33.0,34.0,34.0,34.0,34.0,34.0,34.0,34.0,34.0,34.0,35.0,34.0,34.0,34.0,35.0,35.0,34.0,34.0,34.0,34.0,34.0,35.0,11,-1
33.467654320987656,33.25333333333333,33.20197530864198,32.858271604938274,33.25827160493827,33.13530864197531,33.534814814814816,33.37530864197531,33.37728395061728,33.24641975308642,33.1683950617284,33.02716049382716,33.20197530864198,33.02469135802469,33.06320987654321,33.313086419753084,33.12246913580247,33.162962962962965,33.16691358024691,32.73037037037037,33.04197530864197,33.03604938271605,33.26518518518518,33.13481481481482,33.29827160493827,32.876543209876544,32.858271604938274,33.004444444444445,33.21975308641975,32.95703703703704,33.23555555555556,33.33679012345679,33.35111111111111,33.1758024691358,32.99901234567901,33.299753086419756,33.43555555555555,33.3279012345679,33.34320987654321,33.47012345679013,33.74716049382716,33.47506172839506,33.049876543209876,32.921975308641976,33.43901234567901,33.040493827160496,33.376296296296296,33.68888888888889,12,-1
37.0,36.0,36.0,35.0,36.0,36.0,36.0,36.0,36.0,36.0,36.0,35.0,36.0,36.0,36.0,36.0,36.0,36.0,36.0,35.0,36.0,36.0,36.0,36.0,36.0,35.0,36.0,36.0,36.0,36.0,36.0,36.0,36.0,36.0,36.0,36.0,36.0,36.0,36.0,36.0,37.0,36.0,36.0,36.0,36.0,36.0,36.0,36.0,12,-1
32.0,32.0,32.0,31.0,32.0,32.0,32.0,32.0,32.0,32.0,32.0,32.0,32.0,32.0,31.0,32.0,31.0,32.0,32.0,31.0,32.0,32.0,32.0,31.0,32.0,31.0,31.0,32.0,32.0,32.0,32.0,32.0,32.0,32.0,32.0,32.0,32.0,32.0,32.0,32.0,32.0,32.0,32.0,32.0,32.0,32.0,32.0,32.0,12,-1
5.0,4.0,4.0,4.0,4.0,4.0,4.0,4.0,4.0,4.0,4.0,3.0,4.0,4.0,5.0,4.0,5.0,4.0,4.0,4.0,4.0,4.0,4.0,5.0,4.0,4.0,5.0,4.0,4.0,4.0,4.0,4.0,4.0,4.0,4.0,4.0,4.0,4.0,4.0,4.0,5.0,4.0,4.0,4.0,4.0,4.0,4.0,4.0,12,-1
0.007734151434685091,0.006187321147748072,0.006187321147748072,0.006187321147748072,0.006187321147748072,0.006187321147748072,0.006187321147748072,0.006187321147748072,0.006187321147748072,0.006187321147748072,0.006187321147748072,0.004640490860811055,0.006187321147748072,0.006187321147748072,0.007734151434685091,0.006187321147748072,0.007734151434685091,0.006187321147748072,0.006187321147748072,0.006187321147748072,0.006187321147748072,0.006187321147748072,0.006187321147748072,0.007734151434685091,0.006187321147748072,0.006187321147748072,0.007734151434685091,0.006187321147748072,0.006187321147748072,0.006187321147748072,0.006187321147748072,0.006187321147748072,0.006187321147748072,0.006187321147748072,0.006187321147748072,0.006187321147748072,0.006187321147748072,0.006187321147748072,0.006187321147748072,0.006187321147748072,0.007734151434685091,0.006187321147748072,0.006187321147748072,0.006187321147748072,0.006187321147748072,0.006187321147748072,0.006187321147748072,0.006187321147748072,12,-1
32.0,32.0,32.0,31.0,32.0,32.0,32.0,32.0,32.0,32.0,32.0,32.0,32.0,32.0,31.0,32.0,31.0,32.0,32.0,31.0,32.0,32.0,32.0,31.0,32.0,31.0,31.0,32.0,32.0,32.0,32.0,32.0,32.0,32.0,32.0,32.0,32.0,32.0,32.0,32.0,32.0,32.0,32.0,32.0,32.0,32.0,32.0,32.0,12,-1
34.0,33.0,33.0,33.0,33.0,33.0,34.0,33.0,34.0,33.0,33.0,33.0,33.0,33.0,33.0,33.0,33.0,33.0,33.0,33.0,33.0,33.0,33.0,33.0,33.0,33.0,33.0,33.0,33.0,33.0,33.0,33.0,33.0,33.0,33.0,33.0,33.0,33.0,33.0,34.0,34.0,34.0,33.0,33.0,33.0,33.0,33.0,34.0,13,-1
34.0,33.0,33.0,33.0,33.0,33.0,34.0,33.0,34.0,33.0,33.0,33.0,33.0,33.0,33.0,33.0,33.0,33.0,33.0,33.0,33.0,33.0,33.0,33.0,33.0,33.0,33.0,33.0,33.0,33.0,33.0,33.0,33.0,33.0,33.0,33.0,33.0,33.0,33.0,34.0,34.0,34.0,33.0,33.0,33.0,33.0,33.0,34.0,13,-1
34.0,33.0,33.0,33.0,33.0,33.0,34.0,33.0,34.0,33.0,33.0,33.0,33.0,33.0,33.0,33.0,33.0,33.0,33.0,33.0,33.0,33.0,33.0,33.0,33.0,33.0,33.0,33.0,33.0,33.0,33.0,33.0,33.0,33.0,33.0,33.0,33.0,33.0,33.0,34.0,34.0,34.0,33.0,33.0,33.0,33.0,33.0,34.0,13,-1
0.0,0.0,0.0,0.0,0.0,0.0,0.0,0.0,0.0,0.0,0.0,0.0,0.0,0.0,0.0,0.0,0.0,0.0,0.0,0.0,0.0,0.0,0.0,0.0,0.0,0.0,0.0,0.0,0.0,0.0,0.0,0.0,0.0,0.0,0.0,0.0,0.0,0.0,0.0,0.0,0.0,0.0,0.0,0.0,0.0,0.0,0.0,0.0,13,-1
0.0,0.0,0.0,0.0,0.0,0.0,0.0,0.0,0.0,0.0,0.0,0.0,0.0,0.0,0.0,0.0,0.0,0.0,0.0,0.0,0.0,0.0,0.0,0.0,0.0,0.0,0.0,0.0,0.0,0.0,0.0,0.0,0.0,0.0,0.0,0.0,0.0,0.0,0.0,0.0,0.0,0.0,0.0,0.0,0.0,0.0,0.0,0.0,13,-1
34.0,33.0,33.0,33.0,33.0,33.0,34.0,33.0,34.0,33.0,33.0,33.0,33.0,33.0,33.0,33.0,33.0,33.0,33.0,33.0,33.0,33.0,33.0,33.0,33.0,33.0,33.0,33.0,33.0,33.0,33.0,33.0,33.0,33.0,33.0,33.0,33.0,33.0,33.0,34.0,34.0,34.0,33.0,33.0,33.0,33.0,33.0,34.0,13,-1
34.0,33.0,33.0,33.0,34.0,33.0,34.0,34.0,34.0,34.0,33.0,33.0,34.0,33.0,33.0,34.0,33.0,33.0,33.0,33.0,33.0,33.0,33.0,33.0,34.0,33.0,33.0,33.0,33.0,33.0,33.0,33.0,34.0,33.0,33.0,33.0,34.0,34.0,34.0,34.0,34.0,34.0,33.0,33.0,34.0,33.0,34.0,34.0,14,-1
34.0,33.0,33.0,33.0,34.0,33.0,34.0,34.0,34.0,34.0,33.0,33.0,34.0,33.0,33.0,34.0,33.0,33.0,33.0,33.0,33.0,33.0,33.0,33.0,34.0,33.0,33.0,33.0,33.0,33.0,33.0,33.0,34.0,33.0,33.0,33.0,34.0,34.0,34.0,34.0,34.0,34.0,33.0,33.0,34.0,33.0,34.0,34.0,14,-1
34.0,33.0,33.0,33.0,34.0,33.0,34.0,34.0,34.0,34.0,33.0,33.0,34.0,33.0,33.0,34.0,33.0,33.0,33.0,33.0,33.0,33.0,33.0,33.0,34.0,33.0,33.0,33.0,33.0,33.0,33.0,33.0,34.0,33.0,33.0,33.0,34.0,34.0,34.0,34.0,34.0,34.0,33.0,33.0,34.0,33.0,34.0,34.0,14,-1
0.0,0.0,0.0,0.0,0.0,0.0,0.0,0.0,0.0,0.0,0.0,0.0,0.0,0.0,0.0,0.0,0.0,0.0,0.0,0.0,0.0,0.0,0.0,0.0,0.0,0.0,0.0,0.0,0.0,0.0,0.0,0.0,0.0,0.0,0.0,0.0,0.0,0.0,0.0,0.0,0.0,0.0,0.0,0.0,0.0,0.0,0.0,0.0,14,-1
0.0,0.0,0.0,0.0,0.0,0.0,0.0,0.0,0.0,0.0,0.0,0.0,0.0,0.0,0.0,0.0,0.0,0.0,0.0,0.0,0.0,0.0,0.0,0.0,0.0,0.0,0.0,0.0,0.0,0.0,0.0,0.0,0.0,0.0,0.0,0.0,0.0,0.0,0.0,0.0,0.0,0.0,0.0,0.0,0.0,0.0,0.0,0.0,14,-1
34.0,33.0,33.0,33.0,34.0,33.0,34.0,34.0,34.0,34.0,33.0,33.0,34.0,33.0,33.0,34.0,33.0,33.0,33.0,33.0,33.0,33.0,33.0,33.0,34.0,33.0,33.0,33.0,33.0,33.0,33.0,33.0,34.0,33.0,33.0,33.0,34.0,34.0,34.0,34.0,34.0,34.0,33.0,33.0,34.0,33.0,34.0,34.0,14,-1
35.0,35.0,34.0,34.0,35.0,35.0,35.0,35.0,35.0,35.0,35.0,35.0,35.0,35.0,34.0,35.0,35.0,35.0,35.0,34.0,35.0,34.0,35.0,34.0,35.0,34.0,34.0,34.0,35.0,34.0,34.0,35.0,35.0,34.0,35.0,35.0,35.0,35.0,35.0,35.0,35.0,35.0,35.0,35.0,35.0,35.0,35.0,35.0,15,-1
35.0,35.0,34.0,34.0,35.0,35.0,35.0,35.0,35.0,35.0,35.0,35.0,35.0,35.0,34.0,35.0,35.0,35.0,35.0,34.0,35.0,34.0,35.0,34.0,35.0,34.0,34.0,34.0,35.0,34.0,34.0,35.0,35.0,34.0,35.0,35.0,35.0,35.0,35.0,35.0,35.0,35.0,35.0,35.0,35.0,35.0,35.0,35.0,15,-1
35.0,35.0,34.0,34.0,35.0,35.0,35.0,35.0,35.0,35.0,35.0,35.0,35.0,35.0,34.0,35.0,35.0,35.0,35.0,34.0,35.0,34.0,35.0,34.0,35.0,34.0,34.0,34.0,35.0,34.0,34.0,35.0,35.0,34.0,35.0,35.0,35.0,35.0,35.0,35.0,35.0,35.0,35.0,35.0,35.0,35.0,35.0,35.0,15,-1
0.0,0.0,0.0,0.0,0.0,0.0,0.0,0.0,0.0,0.0,0.0,0.0,0.0,0.0,0.0,0.0,0.0,0.0,0.0,0.0,0.0,0.0,0.0,0.0,0.0,0.0,0.0,0.0,0.0,0.0,0.0,0.0,0.0,0.0,0.0,0.0,0.0,0.0,0.0,0.0,0.0,0.0,0.0,0.0,0.0,0.0,0.0,0.0,15,-1
0.0,0.0,0.0,0.0,0.0,0.0,0.0,0.0,0.0,0.0,0.0,0.0,0.0,0.0,0.0,0.0,0.0,0.0,0.0,0.0,0.0,0.0,0.0,0.0,0.0,0.0,0.0,0.0,0.0,0.0,0.0,0.0,0.0,0.0,0.0,0.0,0.0,0.0,0.0,0.0,0.0,0.0,0.0,0.0,0.0,0.0,0.0,0.0,15,-1
35.0,35.0,34.0,34.0,35.0,35.0,35.0,35.0,35.0,35.0,35.0,35.0,35.0,35.0,34.0,35.0,35.0,35.0,35.0,34.0,35.0,34.0,35.0,34.0,35.0,34.0,34.0,34.0,35.0,34.0,34.0,35.0,35.0,34.0,35.0,35.0,35.0,35.0,35.0,35.0,35.0,35.0,35.0,35.0,35.0,35.0,35.0,35.0,15,-1
35.0,35.0,35.0,35.0,35.0,35.0,36.0,35.0,35.0,35.0,35.0,35.0,35.0,35.0,35.0,35.0,35.0,35.0,35.0,35.0,35.0,35.0,35.0,35.0,35.0,35.0,35.0,35.0,35.0,35.0,35.0,35.0,35.0,35.0,35.0,35.0,35.48148148148148,35.0,35.0,35.0,36.0,35.05925925925926,35.0,35.0,35.06666666666667,35.0,35.0,35.0,16,-1
35.0,35.0,35.0,35.0,35.0,35.0,36.0,35.0,35.0,35.0,35.0,35.0,35.0,35.0,35.0,35.0,35.0,35.0,35.0,35.0,35.0,35.0,35.0,35.0,35.0,35.0,35.0,35.0,35.0,35.0,35.0,35.0,35.0,35.0,35.0,35.0,36.0,35.0,35.0,35.0,36.0,36.0,35.0,35.0,36.0,35.0,35.0,35.0,16,-1
35.0,35.0,35.0,35.0,35.0,35.0,36.0,35.0,35.0,35.0,35.0,35.0,35.0,35.0,35.0,35.0,35.0,35.0,35.0,35.0,35.0,35.0,35.0,35.0,35.0,35.0,35.0,35.0,35.0,35.0,35.0,35.0,35.0,35.0,35.0,35.0,35.0,35.0,35.0,35.0,36.0,35.0,35.0,35.0,35.0,35.0,35.0,35.0,16,-1
0.0,0.0,0.0,0.0,0.0,0.0,0.0,0.0,0.0,0.0,0.0,0.0,0.0,0.0,0.0,0.0,0.0,0.0,0.0,0.0,0.0,0.0,0.0,0.0,0.0,0.0,0.0,0.0,0.0,0.0,0.0,0.0,0.0,0.0,0.0,0.0,1.0,0.0,0.0,0.0,0.0,1.0,0.0,0.0,1.0,0.0,0.0,0.0,16,-1
0.0,0.0,0.0,0.0,0.0,0.0,0.0,0.0,0.0,0.0,0.0,0.0,0.0,0.0,0.0,0.0,0.0,0.0,0.0,0.0,0.0,0.0,0.0,0.0,0.0,0.0,0.0,0.0,0.0,0.0,0.0,0.0,0.0,0.0,0.0,0.0,0.04477611940298508,0.0,0.0,0.0,0.0,0.04477611940298508,0.0,0.0,0.04477611940298508,0.0,0.0,0.0,16,-1
35.0,35.0,35.0,35.0,35.0,35.0,36.0,35.0,35.0,35.0,35.0,35.0,35.0,35.0,35.0,35.0,35.0,35.0,35.0,35.0,35.0,35.0,35.0,35.0,35.0,35.0,35.0,35.0,35.0,35.0,35.0,35.0,35.0,35.0,35.0,35.0,35.0,35.0,35.0,35.0,36.0,35.0,35.0,35.0,35.0,35.0,35.0,35.0,16,-1
29.977767591107035,29.677171670868667,29.92848957139583,29.661013064405225,30.13156085262434,29.893307357322943,30.159179463671787,29.917831767132707,30.094315837726334,29.933646573458628,30.06062342424937,29.968255787302315,30.135571854228743,29.94304377721751,29.690923676369472,30.168232867293145,29.83268393307357,29.955191382076553,30.12479944991978,29.795553518221407,30.047215218886087,30.00870960348384,30.144854457941783,29.821223928489573,30.166857666743066,29.673046069218426,29.79669951867981,29.93616777446711,30.091450836580336,29.87749255099702,29.80815952326381,29.960348384139355,29.975704790281917,29.867751547100617,29.976163190465275,30.275154710061884,30.31354572541829,30.232179692871878,29.978798991519596,30.07219802887921,30.220605088242035,30.095347238138896,30.018679807471923,29.94143937657575,30.25865230346092,29.843914737565896,29.87497134998854,29.965390786156316,17,-1
36.0,36.0,36.0,35.0,36.0,36.0,36.0,36.0,36.0,36.0,36.0,36.0,36.0,36.0,36.0,36.0,36.0,36.0,36.0,36.0,36.0,36.0,36.0,36.0,36.0,35.0,35.0,36.0,36.0,36.0,36.0,36.0,36.0,36.0,36.0,36.0,36.0,36.0,36.0,36.0,36.0,36.0,36.0,36.0,36.0,36.0,36.0,36.0,17,-1
20.0,20.0,20.0,20.0,20.0,20.0,20.0,20.0,26.0,26.0,26.0,26.0,26.0,26.0,26.0,27.0,26.0,26.0,26.0,26.0,26.0,26.0,27.0,26.0,20.0,20.0,20.0,20.0,20.0,20.0,20.0,20.0,26.0,26.0,26.0,26.0,26.0,26.0,26.0,26.0,26.0,26.0,26.0,26.0,26.0,26.0,26.0,26.0,17,-1
16.0,16.0,16.0,15.0,16.0,16.0,16.0,16.0,10.0,10.0,10.0,10.0,10.0,10.0,10.0,9.0,10.0,10.0,10.0,10.0,10.0,10.0,9.0,10.0,16.0,15.0,15.0,16.0,16.0,16.0,16.0,16.0,10.0,10.0,10.0,10.0,10.0,10.0,10.0,10.0,10.0,10.0,10.0,10.0,10.0,10.0,10.0,10.0,17,-1
0.0008959419429620961,0.0008959419429620961,0.0008959419429620961,0.0008399455715269651,0.0008959419429620961,0.0008959419429620961,0.0008959419429620961,0.0008959419429620961,0.0005599637143513101,0.0005599637143513101,0.0005599637143513101,0.0005599637143513101,0.0005599637143513101,0.0005599637143513101,0.0005599637143513101,0.0005039673429161791,0.0005599637143513101,0.0005599637143513101,0.0005599637143513101,0.0005599637143513101,0.0005599637143513101,0.0005599637143513101,0.0005039673429161791,0.0005599637143513101,0.0008959419429620961,0.0008399455715269651,0.0008399455715269651,0.0008959419429620961,0.0008959419429620961,0.0008959419429620961,0.0008959419429620961,0.0008959419429620961,0.0005599637143513101,0.0005599637143513101,0.0005599637143513101,0.0005599637143513101,0.0005599637143513101,0.0005599637143513101,0.0005599637143513101,0.0005599637143513101,0.0005599637143513101,0.0005599637143513101,0.0005599637143513101,0.0005599637143513101,0.0005599637143513101,0.0005599637143513101,0.0005599637143513101,0.0005599637143513101,17,-1
36.0,35.0,36.0,35.0,36.0,35.0,36.0,36.0,36.0,36.0,36.0,36.0,36.0,36.0,35.0,36.0,36.0,36.0,36.0,35.0,36.0,36.0,36.0,35.0,36.0,35.0,35.0,35.0,36.0,35.0,35.0,35.0,36.0,35.0,36.0,36.0,36.0,36.0,36.0,36.0,36.0,36.0,36.0,36.0,36.0,36.0,36.0,36.0,17,-1
27.0,26.0,26.0,26.0,27.0,27.0,27.0,27.0,27.0,27.0,27.0,27.0,27.0,27.0,27.0,27.0,27.0,27.0,27.0,26.0,27.0,27.0,27.0,27.0,27.0,27.0,27.0,27.0,27.0,26.0,26.0,26.0,26.0,26.0,26.0,27.0,27.0,27.0,26.0,27.0,27.0,27.0,27.0,26.0,27.0,26.0,26.0,27.0,18,-1
27.0,26.0,26.0,26.0,27.0,27.0,27.0,27.0,27.0,27.0,27.0,27.0,27.0,27.0,27.0,27.0,27.0,27.0,27.0,26.0,27.0,27.0,27.0,27.0,27.0,27.0,27.0,27.0,27.0,26.0,26.0,26.0,26.0,26.0,26.0,27.0,27.0,27.0,26.0,27.0,27.0,27.0,27.0,26.0,27.0,26.0,26.0,27.0,18,-1
27.0,26.0,26.0,26.0,27.0,27.0,27.0,27.0,27.0,27.0,27.0,27.0,27.0,27.0,27.0,27.0,27.0,27.0,27.0,26.0,27.0,27.0,27.0,27.0,27.0,27.0,27.0,27.0,27.0,26.0,26.0,26.0,26.0,26.0,26.0,27.0,27.0,27.0,26.0,27.0,27.0,27.0,27.0,26.0,27.0,26.0,26.0,27.0,18,-1
0.0,0.0,0.0,0.0,0.0,0.0,0.0,0.0,0.0,0.0,0.0,0.0,0.0,0.0,0.0,0.0,0.0,0.0,0.0,0.0,0.0,0.0,0.0,0.0,0.0,0.0,0.0,0.0,0.0,0.0,0.0,0.0,0.0,0.0,0.0,0.0,0.0,0.0,0.0,0.0,0.0,0.0,0.0,0.0,0.0,0.0,0.0,0.0,18,-1
0.0,0.0,0.0,0.0,0.0,0.0,0.0,0.0,0.0,0.0,0.0,0.0,0.0,0.0,0.0,0.0,0.0,0.0,0.0,0.0,0.0,0.0,0.0,0.0,0.0,0.0,0.0,0.0,0.0,0.0,0.0,0.0,0.0,0.0,0.0,0.0,0.0,0.0,0.0,0.0,0.0,0.0,0.0,0.0,0.0,0.0,0.0,0.0,18,-1
27.0,26.0,26.0,26.0,27.0,27.0,27.0,27.0,27.0,27.0,27.0,27.0,27.0,27.0,27.0,27.0,27.0,27.0,27.0,26.0,27.0,27.0,27.0,27.0,27.0,27.0,27.0,27.0,27.0,26.0,26.0,26.0,26.0,26.0,26.0,27.0,27.0,27.0,26.0,27.0,27.0,27.0,27.0,26.0,27.0,26.0,26.0,27.0,18,-1
27.0,27.0,27.0,27.0,28.0,27.0,28.0,28.0,28.0,28.0,27.0,27.0,27.0,27.0,27.0,28.0,28.0,28.0,27.0,27.0,27.0,27.0,28.0,28.0,28.0,27.0,27.0,27.0,27.0,27.0,27.0,27.0,27.0,27.0,27.0,27.0,28.0,27.0,27.0,27.0,28.0,27.0,27.0,27.0,27.0,27.0,27.0,27.0,19,-1
27.0,27.0,27.0,27.0,28.0,27.0,28.0,28.0,28.0,28.0,27.0,27.0,27.0,27.0,27.0,28.0,28.0,28.0,27.0,27.0,27.0,27.0,28.0,28.0,28.0,27.0,27.0,27.0,27.0,27.0,27.0,27.0,27.0,27.0,27.0,27.0,28.0,27.0,27.0,27.0,28.0,27.0,27.0,27.0,27.0,27.0,27.0,27.0,19,-1
27.0,27.0,27.0,27.0,28.0,27.0,28.0,28.0,28.0,28.0,27.0,27.0,27.0,27.0,27.0,28.0,28.0,28.0,27.0,27.0,27.0,27.0,28.0,28.0,28.0,27.0,27.0,27.0,27.0,27.0,27.0,27.0,27.0,27.0,27.0,27.0,28.0,27.0,27.0,27.0,28.0,27.0,27.0,27.0,27.0,27.0,27.0,27.0,19,-1
0.0,0.0,0.0,0.0,0.0,0.0,0.0,0.0,0.0,0.0,0.0,0.0,0.0,0.0,0.0,0.0,0.0,0.0,0.0,0.0,0.0,0.0,0.0,0.0,0.0,0.0,0.0,0.0,0.0,0.0,0.0,0.0,0.0,0.0,0.0,0.0,0.0,0.0,0.0,0.0,0.0,0.0,0.0,0.0,0.0,0.0,0.0,0.0,19,-1
0.0,0.0,0.0,0.0,0.0,0.0,0.0,0.0,0.0,0.0,0.0,0.0,0.0,0.0,0.0,0.0,0.0,0.0,0.0,0.0,0.0,0.0,0.0,0.0,0.0,0.0,0.0,0.0,0.0,0.0,0.0,0.0,0.0,0.0,0.0,0.0,0.0,0.0,0.0,0.0,0.0,0.0,0.0,0.0,0.0,0.0,0.0,0.0,19,-1
27.0,27.0,27.0,27.0,28.0,27.0,28.0,28.0,28.0,28.0,27.0,27.0,27.0,27.0,27.0,28.0,28.0,28.0,27.0,27.0,27.0,27.0,28.0,28.0,28.0,27.0,27.0,27.0,27.0,27.0,27.0,27.0,27.0,27.0,27.0,27.0,28.0,27.0,27.0,27.0,28.0,27.0,27.0,27.0,27.0,27.0,27.0,27.0,19,-1
28.47846889952153,28.0,28.0,28.0,29.0,28.598086124401913,29.13397129186603,29.0,29.0,29.0,28.550239234449762,28.37799043062201,28.88995215311005,28.492822966507177,28.588516746411482,29.0,28.822966507177032,28.85645933014354,28.66507177033493,28.0,28.645933014354068,28.57894736842105,29.0,28.870813397129186,29.0,28.282296650717704,28.071770334928228,28.339712918660286,28.42105263157895,28.0,28.0,28.0,28.15311004784689,28.0,28.004784688995215,28.6555023923445,29.0,28.698564593301434,28.20095693779904,28.76555023923445,29.0,28.727272727272727,28.1866028708134,28.076555023923444,28.708133971291865,28.0,28.267942583732058,28.86602870813397,20,-1
29.0,28.0,28.0,28.0,29.0,29.0,30.0,29.0,29.0,29.0,29.0,29.0,29.0,29.0,29.0,29.0,29.0,29.0,29.0,28.0,29.0,29.0,29.0,29.0,29.0,29.0,29.0,29.0,29.0,28.0,28.0,28.0,29.0,28.0,29.0,29.0,29.0,29.0,29.0,29.0,29.0,29.0,29.0,29.0,29.0,28.0,29.0,29.0,20,-1
28.0,28.0,28.0,28.0,29.0,28.0,29.0,29.0,29.0,29.0,28.0,28.0,28.0,28.0,28.0,29.0,28.0,28.0,28.0,28.0,28.0,28.0,29.0,28.0,29.0,28.0,28.0,28.0,28.0,28.0,28.0,28.0,28.0,28.0,28.0,28.0,29.0,28.0,28.0,28.0,29.0,28.0,28.0,28.0,28.0,28.0,28.0,28.0,20,-1
1.0,0.0,0.0,0.0,0.0,1.0,1.0,0.0,0.0,0.0,1.0,1.0,1.0,1.0,1.0,0.0,1.0,1.0,1.0,0.0,1.0,1.0,0.0,1.0,0.0,1.0,1.0,1.0,1.0,0.0,0.0,0.0,1.0,0.0,1.0,1.0,0.0,1.0,1.0,1.0,0.0,1.0,1.0,1.0,1.0,0.0,1.0,1.0,20,-1
0.028846153846153848,0.0,0.0,0.0,0.0,0.028846153846153848,0.028846153846153848,0.0,0.0,0.0,0.028846153846153848,0.028846153846153848,0.028846153846153848,0.028846153846153848,0.028846153846153848,0.0,0.028846153846153848,0.028846153846153848,0.028846153846153848,0.0,0.028846153846153848,0.028846153846153848,0.0,0.028846153846153848,0.0,0.028846153846153848,0.028846153846153848,0.028846153846153848,0.028846153846153848,0.0,0.0,0.0,0.028846153846153848,0.0,0.028846153846153848,0.028846153846153848,0.0,0.028846153846153848,0.028846153846153848,0.028846153846153848,0.0,0.028846153846153848,0.028846153846153848,0.028846153846153848,0.028846153846153848,0.0,0.028846153846153848,0.028846153846153848,20,-1
28.0,28.0,28.0,28.0,29.0,28.0,29.0,29.0,29.0,29.0,28.0,28.0,28.0,28.0,28.0,29.0,28.0,28.0,28.0,28.0,28.0,28.0,29.0,28.0,29.0,28.0,28.0,28.0,28.0,28.0,28.0,28.0,28.0,28.0,28.0,28.0,29.0,28.0,28.0,28.0,29.0,28.0,28.0,28.0,28.0,28.0,28.0,28.0,20,-1
30.919098410142887,30.549607566914872,30.55685248540954,30.183537935198228,30.795129804789696,30.534312738981686,30.91929965787885,30.76896759911451,30.84805795934796,30.625880458844836,30.57798349768565,30.512376735761723,30.6369490843228,30.535520225397466,30.402696719661904,30.89494868182733,30.533910243509762,30.56168243107265,30.68343731133025,30.288388005634935,30.643187764137654,30.633729120547393,30.73032803380962,30.605151942040653,30.879452606158182,30.381766955121755,30.49446568726102,30.61601931978265,30.706580800965988,30.454216140068425,30.585832159388207,30.96256792111089,30.802575971020325,30.58402092976454,30.59609579392232,30.779029985912658,30.875025155966995,30.731535520225396,30.71885691285973,30.994767558864964,31.141879653853895,30.86174280539344,30.556651237673577,30.411551620044275,30.769772590058363,30.44314751459046,30.715033205876434,31.031797142282148,21,-1
33.0,32.0,32.0,32.0,32.0,32.0,33.0,32.0,32.0,32.0,32.0,32.0,32.0,32.0,32.0,32.0,32.0,32.0,32.0,32.0,32.0,32.0,32.0,32.0,33.0,32.0,32.0,32.0,32.0,32.0,33.0,33.0,33.0,32.0,32.0,32.0,32.0,32.0,33.0,33.0,33.0,33.0,32.0,32.0,32.0,32.0,33.0,33.0,21,-1
20.0,20.0,20.0,20.0,20.0,20.0,20.0,20.0,20.0,20.0,20.0,20.0,20.0,20.0,20.0,20.0,20.0,20.0,20.0,20.0,20.0,20.0,20.0,20.0,20.0,20.0,20.0,20.0,20.0,20.0,20.0,20.0,20.0,20.0,20.0,20.0,20.0,20.0,20.0,20.0,20.0,20.0,20.0,20.0,20.0,20.0,20.0,20.0,21,-1
13.0,12.0,12.0,12.0,12.0,12.0,13.0,12.0,12.0,12.0,12.0,12.0,12.0,12.0,12.0,12.0,12.0,12.0,12.0,12.0,12.0,12.0,12.0,12.0,13.0,12.0,12.0,12.0,12.0,12.0,13.0,13.0,13.0,12.0,12.0,12.0,12.0,12.0,13.0,13.0,13.0,13.0,12.0,12.0,12.0,12.0,13.0,13.0,21,-1
0.001966756767660467,0.001815467785532739,0.001815467785532739,0.001815467785532739,0.001815467785532739,0.001815467785532739,0.001966756767660467,0.001815467785532739,0.001815467785532739,0.001815467785532739,0.001815467785532739,0.001815467785532739,0.001815467785532739,0.001815467785532739,0.001815467785532739,0.001815467785532739,0.001815467785532739,0.001815467785532739,0.001815467785532739,0.001815467785532739,0.001815467785532739,0.001815467785532739,0.001815467785532739,0.001815467785532739,0.001966756767660467,0.001815467785532739,0.001815467785532739,0.001815467785532739,0.001815467785532739,0.001815467785532739,0.001966756767660467,0.001966756767660467,0.001966756767660467,0.001815467785532739,0.001815467785532739,0.001815467785532739,0.001815467785532739,0.001815467785532739,0.001966756767660467,0.001966756767660467,0.001966756767660467,0.001966756767660467,0.001815467785532739,0.001815467785532739,0.001815467785532739,0.001815467785532739,0.001966756767660467,0.001966756767660467,21,-1
30.0,30.0,30.0,30.0,30.0,30.0,31.0,31.0,31.0,31.0,30.0,30.0,31.0,30.0,30.0,31.0,30.0,30.0,30.0,30.0,30.0,30.0,30.0,30.0,30.0,30.0,30.0,30.0,30.0,30.0,30.0,30.0,30.0,30.0,30.0,30.0,31.0,31.0,30.0,31.0,31.0,31.0,30.0,30.0,30.0,30.0,30.0,31.0,21,-1
33.0,33.0,32.0,32.0,32.0,32.0,33.0,33.0,33.0,33.0,32.0,32.0,32.0,32.0,32.0,33.0,32.0,32.0,32.0,32.0,32.0,32.0,33.0,32.0,33.0,32.0,32.0,32.0,33.0,32.0,33.0,33.0,33.0,33.0,32.0,33.0,33.0,33.0,33.0,33.0,33.0,33.0,32.0,32.0,33.0,32.0,33.0,33.0,22,-1
33.0,33.0,32.0,32.0,32.0,32.0,33.0,33.0,33.0,33.0,32.0,32.0,32.0,32.0,32.0,33.0,32.0,32.0,32.0,32.0,32.0,32.0,33.0,32.0,33.0,32.0,32.0,32.0,33.0,32.0,33.0,33.0,33.0,33.0,32.0,33.0,33.0,33.0,33.0,33.0,33.0,33.0,32.0,32.0,33.0,32.0,33.0,33.0,22,-1
33.0,33.0,32.0,32.0,32.0,32.0,33.0,33.0,33.0,33.0,32.0,32.0,32.0,32.0,32.0,33.0,32.0,32.0,32.0,32.0,32.0,32.0,33.0,32.0,33.0,32.0,32.0,32.0,33.0,32.0,33.0,33.0,33.0,33.0,32.0,33.0,33.0,33.0,33.0,33.0,33.0,33.0,32.0,32.0,33.0,32.0,33.0,33.0,22,-1
0.0,0.0,0.0,0.0,0.0,0.0,0.0,0.0,0.0,0.0,0.0,0.0,0.0,0.0,0.0,0.0,0.0,0.0,0.0,0.0,0.0,0.0,0.0,0.0,0.0,0.0,0.0,0.0,0.0,0.0,0.0,0.0,0.0,0.0,0.0,0.0,0.0,0.0,0.0,0.0,0.0,0.0,0.0,0.0,0.0,0.0,0.0,0.0,22,-1
0.0,0.0,0.0,0.0,0.0,0.0,0.0,0.0,0.0,0.0,0.0,0.0,0.0,0.0,0.0,0.0,0.0,0.0,0.0,0.0,0.0,0.0,0.0,0.0,0.0,0.0,0.0,0.0,0.0,0.0,0.0,0.0,0.0,0.0,0.0,0.0,0.0,0.0,0.0,0.0,0.0,0.0,0.0,0.0,0.0,0.0,0.0,0.0,22,-1
33.0,33.0,32.0,32.0,32.0,32.0,33.0,33.0,33.0,33.0,32.0,32.0,32.0,32.0,32.0,33.0,32.0,32.0,32.0,32.0,32.0,32.0,33.0,32.0,33.0,32.0,32.0,32.0,33.0,32.0,33.0,33.0,33.0,33.0,32.0,33.0,33.0,33.0,33.0,33.0,33.0,33.0,32.0,32.0,33.0,32.0,33.0,33.0,22,-1
34.0,34.0,34.0,33.5045871559633,34.0,34.0,34.0,34.0,34.0,34.0,34.0,34.0,34.0,34.0,34.0,34.0,34.0,34.0,34.0,33.84403669724771,34.0,34.0,34.0,34.0,34.0,33.0,33.0,33.91743119266055,34.0,34.0,34.0,34.0,34.0,34.0,34.0,34.0,34.22018348623853,34.0,34.0,34.862385321100916,35.0,35.0,34.0,34.0,34.0,34.0,34.0,35.0,23,-1
34.0,34.0,34.0,34.0,34.0,34.0,34.0,34.0,34.0,34.0,34.0,34.0,34.0,34.0,34.0,34.0,34.0,34.0,34.0,34.0,34.0,34.0,34.0,34.0,34.0,33.0,33.0,34.0,34.0,34.0,34.0,34.0,34.0,34.0,34.0,34.0,35.0,34.0,34.0,35.0,35.0,35.0,34.0,34.0,34.0,34.0,34.0,35.0,23,-1
34.0,34.0,34.0,33.0,34.0,34.0,34.0,34.0,34.0,34.0,34.0,34.0,34.0,34.0,34.0,34.0,34.0,34.0,34.0,33.0,34.0,34.0,34.0,34.0,34.0,33.0,33.0,33.0,34.0,34.0,34.0,34.0,34.0,34.0,34.0,34.0,34.0,34.0,34.0,34.0,35.0,35.0,34.0,34.0,34.0,34.0,34.0,35.0,23,-1
0.0,0.0,0.0,1.0,0.0,0.0,0.0,0.0,0.0,0.0,0.0,0.0,0.0,0.0,0.0,0.0,0.0,0.0,0.0,1.0,0.0,0.0,0.0,0.0,0.0,0.0,0.0,1.0,0.0,0.0,0.0,0.0,0.0,0.0,0.0,0.0,1.0,0.0,0.0,1.0,0.0,0.0,0.0,0.0,0.0,0.0,0.0,0.0,23,-1
0.0,0.0,0.0,0.05555555555555555,0.0,0.0,0.0,0.0,0.0,0.0,0.0,0.0,0.0,0.0,0.0,0.0,0.0,0.0,0.0,0.05555555555555555,0.0,0.0,0.0,0.0,0.0,0.0,0.0,0.05555555555555555,0.0,0.0,0.0,0.0,0.0,0.0,0.0,0.0,0.05555555555555555,0.0,0.0,0.05555555555555555,0.0,0.0,0.0,0.0,0.0,0.0,0.0,0.0,23,-1
34.0,34.0,34.0,33.0,34.0,34.0,34.0,34.0,34.0,34.0,34.0,34.0,34.0,34.0,34.0,34.0,34.0,34.0,34.0,33.0,34.0,34.0,34.0,34.0,34.0,33.0,33.0,33.0,34.0,34.0,34.0,34.0,34.0,34.0,34.0,34.0,34.0,34.0,34.0,34.0,35.0,35.0,34.0,34.0,34.0,34.0,34.0,35.0,23,-1
27.012777023971054,26.675373134328357,26.87550881953867,26.638285843509724,26.960199004975124,26.780755314337405,27.063772048846676,26.79364540931705,26.921981004070556,26.77725011307101,26.851876978742652,26.826662143826322,26.958276797829036,26.793419267299864,26.535391225689732,27.016508367254637,26.63376300316599,26.75904568068747,26.92345092718227,26.650949796472183,26.873586612392582,26.85820895522388,26.899253731343283,26.674242424242426,26.984056987788332,26.510515603799185,26.65377657168702,26.82247851650837,26.992876526458616,26.763568521031207,26.771144278606965,26.963591135232928,26.908073270013567,26.776006331976482,26.817277250113072,27.066485753052916,27.194369063772047,27.080732700135684,26.90083672546359,27.052351876978744,27.200814111261874,27.081411126187245,26.90015829941203,26.82428765264586,27.113975576662146,26.780076888285844,26.858322026232475,27.03799185888738,24,-1
34.0,34.0,34.0,34.0,34.0,34.0,34.0,34.0,34.0,34.0,34.0,34.0,34.0,34.0,33.0,34.0,34.0,34.0,34.0,34.0,34.0,34.0,34.0,34.0,34.0,33.0,33.0,34.0,34.0,34.0,34.0,34.0,34.0,34.0,34.0,34.0,35.0,35.0,34.0,35.0,35.0,35.0,34.0,34.0,35.0,34.0,35.0,35.0,24,-1
20.0,20.0,20.0,20.0,20.0,20.0,20.0,20.0,20.0,20.0,20.0,20.0,20.0,20.0,20.0,20.0,20.0,20.0,20.0,20.0,20.0,20.0,20.0,20.0,20.0,20.0,20.0,20.0,20.0,20.0,20.0,20.0,20.0,20.0,20.0,20.0,20.0,20.0,20.0,20.0,20.0,20.0,20.0,20.0,20.0,20.0,20.0,20.0,24,-1
14.0,14.0,14.0,14.0,14.0,14.0,14.0,14.0,14.0,14.0,14.0,14.0,14.0,14.0,13.0,14.0,14.0,14.0,14.0,14.0,14.0,14.0,14.0,14.0,14.0,13.0,13.0,14.0,14.0,14.0,14.0,14.0,14.0,14.0,14.0,14.0,15.0,15.0,14.0,15.0,15.0,15.0,14.0,14.0,15.0,14.0,15.0,15.0,24,-1
0.0011485514578399576,0.0011485514578399576,0.0011485514578399576,0.0011485514578399576,0.0011485514578399576,0.0011485514578399576,0.0011485514578399576,0.0011485514578399576,0.0011485514578399576,0.0011485514578399576,0.0011485514578399576,0.0011485514578399576,0.0011485514578399576,0.0011485514578399576,0.0010665120679942462,0.0011485514578399576,0.0011485514578399576,0.0011485514578399576,0.0011485514578399576,0.0011485514578399576,0.0011485514578399576,0.0011485514578399576,0.0011485514578399576,0.0011485514578399576,0.0011485514578399576,0.0010665120679942462,0.0010665120679942462,0.0011485514578399576,0.0011485514578399576,0.0011485514578399576,0.0011485514578399576,0.0011485514578399576,0.0011485514578399576,0.0011485514578399576,0.0011485514578399576,0.0011485514578399576,0.0012305908476856688,0.0012305908476856688,0.0011485514578399576,0.0012305908476856688,0.0012305908476856688,0.0012305908476856688,0.0011485514578399576,0.0011485514578399576,0.0012305908476856688,0.0011485514578399576,0.0012305908476856688,0.0012305908476856688,24,-1
34.0,34.0,34.0,34.0,34.0,34.0,34.0,34.0,34.0,34.0,34.0,34.0,34.0,34.0,33.0,34.0,33.0,34.0,34.0,34.0,34.0,34.0,33.0,33.0,33.0,33.0,33.0,33.0,34.0,34.0,34.0,34.0,34.0,34.0,34.0,34.0,35.0,34.0,34.0,34.0,35.0,35.0,34.0,34.0,35.0,34.0,34.0,35.0,24,-1
27.0,27.0,27.0,27.0,27.0,27.0,28.0,28.0,27.0,27.0,27.0,27.0,27.0,27.0,27.0,27.0,27.0,27.0,27.0,27.0,27.0,27.0,27.0,27.0,28.0,27.0,27.0,27.0,27.0,27.0,27.0,27.0,27.0,27.0,27.0,27.0,27.0,27.0,27.0,27.0,27.0,27.0,27.0,27.0,27.0,27.0,27.0,27.0,25,-1
27.0,27.0,27.0,27.0,27.0,27.0,28.0,28.0,27.0,27.0,27.0,27.0,27.0,27.0,27.0,27.0,27.0,27.0,27.0,27.0,27.0,27.0,27.0,27.0,28.0,27.0,27.0,27.0,27.0,27.0,27.0,27.0,27.0,27.0,27.0,27.0,27.0,27.0,27.0,27.0,27.0,27.0,27.0,27.0,27.0,27.0,27.0,27.0,25,-1
27.0,27.0,27.0,27.0,27.0,27.0,28.0,28.0,27.0,27.0,27.0,27.0,27.0,27.0,27.0,27.0,27.0,27.0,27.0,27.0,27.0,27.0,27.0,27.0,28.0,27.0,27.0,27.0,27.0,27.0,27.0,27.0,27.0,27.0,27.0,27.0,27.0,27.0,27.0,27.0,27.0,27.0,27.0,27.0,27.0,27.0,27.0,27.0,25,-1
0.0,0.0,0.0,0.0,0.0,0.0,0.0,0.0,0.0,0.0,0.0,0.0,0.0,0.0,0.0,0.0,0.0,0.0,0.0,0.0,0.0,0.0,0.0,0.0,0.0,0.0,0.0,0.0,0.0,0.0,0.0,0.0,0.0,0.0,0.0,0.0,0.0,0.0,0.0,0.0,0.0,0.0,0.0,0.0,0.0,0.0,0.0,0.0,25,-1
0.0,0.0,0.0,0.0,0.0,0.0,0.0,0.0,0.0,0.0,0.0,0.0,0.0,0.0,0.0,0.0,0.0,0.0,0.0,0.0,0.0,0.0,0.0,0.0,0.0,0.0,0.0,0.0,0.0,0.0,0.0,0.0,0.0,0.0,0.0,0.0,0.0,0.0,0.0,0.0,0.0,0.0,0.0,0.0,0.0,0.0,0.0,0.0,25,-1
27.0,27.0,27.0,27.0,27.0,27.0,28.0,28.0,27.0,27.0,27.0,27.0,27.0,27.0,27.0,27.0,27.0,27.0,27.0,27.0,27.0,27.0,27.0,27.0,28.0,27.0,27.0,27.0,27.0,27.0,27.0,27.0,27.0,27.0,27.0,27.0,27.0,27.0,27.0,27.0,27.0,27.0,27.0,27.0,27.0,27.0,27.0,27.0,25,-1
30.875,30.0,30.0,30.0,30.053571428571427,30.0,31.0,30.910714285714285,30.946428571428573,30.473214285714285,30.0,30.0,30.0,30.0,30.0,30.370535714285715,30.0,30.0,30.0,30.0,30.0,30.0,30.0,30.0,30.0,30.0,29.946428571428573,30.0,30.0,30.0,30.0,30.0,30.013392857142858,30.0,30.0,30.0,30.459821428571427,30.196428571428573,30.169642857142858,30.901785714285715,31.0,30.946428571428573,30.0,30.0,30.299107142857142,30.0,30.616071428571427,31.0,26,-1
31.0,30.0,30.0,30.0,31.0,30.0,31.0,31.0,31.0,31.0,30.0,30.0,30.0,30.0,30.0,31.0,30.0,30.0,30.0,30.0,30.0,30.0,30.0,30.0,30.0,30.0,30.0,30.0,30.0,30.0,30.0,30.0,31.0,30.0,30.0,30.0,31.0,31.0,31.0,31.0,31.0,31.0,30.0,30.0,31.0,30.0,31.0,31.0,26,-1
30.0,30.0,30.0,30.0,30.0,30.0,31.0,30.0,30.0,30.0,30.0,30.0,30.0,30.0,30.0,30.0,30.0,30.0,30.0,30.0,30.0,30.0,30.0,30.0,30.0,30.0,29.0,30.0,30.0,30.0,30.0,30.0,30.0,30.0,30.0,30.0,30.0,30.0,30.0,30.0,31.0,30.0,30.0,30.0,30.0,30.0,30.0,31.0,26,-1
1.0,0.0,0.0,0.0,1.0,0.0,0.0,1.0,1.0,1.0,0.0,0.0,0.0,0.0,0.0,1.0,0.0,0.0,0.0,0.0,0.0,0.0,0.0,0.0,0.0,0.0,1.0,0.0,0.0,0.0,0.0,0.0,1.0,0.0,0.0,0.0,1.0,1.0,1.0,1.0,0.0,1.0,0.0,0.0,1.0,0.0,1.0,0.0,26,-1
0.026893769610040343,0.0,0.0,0.0,0.026893769610040343,0.0,0.0,0.026893769610040343,0.026893769610040343,0.026893769610040343,0.0,0.0,0.0,0.0,0.0,0.026893769610040343,0.0,0.0,0.0,0.0,0.0,0.0,0.0,0.0,0.0,0.0,0.026893769610040343,0.0,0.0,0.0,0.0,0.0,0.026893769610040343,0.0,0.0,0.0,0.026893769610040343,0.026893769610040343,0.026893769610040343,0.026893769610040343,0.0,0.026893769610040343,0.0,0.0,0.026893769610040343,0.0,0.026893769610040343,0.0,26,-1
30.0,30.0,30.0,30.0,30.0,30.0,31.0,30.0,30.0,30.0,30.0,30.0,30.0,30.0,30.0,30.0,30.0,30.0,30.0,30.0,30.0,30.0,30.0,30.0,30.0,30.0,29.0,30.0,30.0,30.0,30.0,30.0,30.0,30.0,30.0,30.0,30.0,30.0,30.0,30.0,31.0,30.0,30.0,30.0,30.0,30.0,30.0,31.0,26,-1
28.58038399259773,28.339810316909553,28.411519777931993,28.040018505667362,28.371963913948647,28.07702984038862,28.42030996992829,28.276659727041405,28.33287069164932,28.173721952347908,28.103169095535506,28.08443210733287,28.188063844552396,28.05412907702984,27.899606754568588,28.43095072866065,27.990978487161694,28.042563034929447,28.123294008790193,27.92667129308351,28.06291926902614,28.046726810085588,28.26439972241499,27.996298866527873,28.37797825584085,27.808928984501502,27.986583391163546,28.051353226925745,28.51677076104557,28.071015498496415,28.238723108952115,28.49086282674069,28.408975248669904,28.225769141799677,28.24681933842239,28.60097154753643,28.634050427943556,28.588017580383994,28.3499884339579,28.507749248207265,28.825121443442054,28.667823270876706,28.31552162849873,28.14943326393708,28.687254221605368,28.209808003701134,28.393939393939394,28.60097154753643,27,-1
32.0,32.0,32.0,32.0,32.0,31.0,32.0,31.0,31.0,31.0,31.0,31.0,31.0,31.0,31.0,31.0,31.0,31.0,31.0,31.0,31.0,31.0,31.0,31.0,31.0,31.0,31.0,31.0,32.0,31.0,32.0,32.0,32.0,31.0,31.0,32.0,32.0,32.0,32.0,32.0,32.0,32.0,32.0,31.0,32.0,32.0,32.0,32.0,27,-1
20.0,20.0,20.0,20.0,20.0,20.0,20.0,20.0,20.0,20.0,20.0,20.0,20.0,20.0,20.0,20.0,20.0,20.0,20.0,20.0,20.0,20.0,20.0,20.0,20.0,20.0,20.0,20.0,20.0,20.0,20.0,20.0,20.0,20.0,20.0,20.0,20.0,20.0,20.0,20.0,20.0,20.0,20.0,20.0,20.0,20.0,20.0,20.0,27,-1
12.0,12.0,12.0,12.0,12.0,11.0,12.0,11.0,11.0,11.0,11.0,11.0,11.0,11.0,11.0,11.0,11.0,11.0,11.0,11.0,11.0,11.0,11.0,11.0,11.0,11.0,11.0,11.0,12.0,11.0,12.0,12.0,12.0,11.0,11.0,12.0,12.0,12.0,12.0,12.0,12.0,12.0,12.0,11.0,12.0,12.0,12.0,12.0,27,-1
0.002058383768500439,0.002058383768500439,0.002058383768500439,0.002058383768500439,0.002058383768500439,0.001886851787792069,0.002058383768500439,0.001886851787792069,0.001886851787792069,0.001886851787792069,0.001886851787792069,0.001886851787792069,0.001886851787792069,0.001886851787792069,0.001886851787792069,0.001886851787792069,0.001886851787792069,0.001886851787792069,0.001886851787792069,0.001886851787792069,0.001886851787792069,0.001886851787792069,0.001886851787792069,0.001886851787792069,0.001886851787792069,0.001886851787792069,0.001886851787792069,0.001886851787792069,0.002058383768500439,0.001886851787792069,0.002058383768500439,0.002058383768500439,0.002058383768500439,0.001886851787792069,0.001886851787792069,0.002058383768500439,0.002058383768500439,0.002058383768500439,0.002058383768500439,0.002058383768500439,0.002058383768500439,0.002058383768500439,0.002058383768500439,0.001886851787792069,0.002058383768500439,0.002058383768500439,0.002058383768500439,0.002058383768500439,27,-1
31.0,31.0,31.0,31.0,31.0,31.0,31.0,31.0,31.0,31.0,31.0,31.0,31.0,31.0,30.0,31.0,30.0,30.0,31.0,30.0,31.0,30.0,30.0,30.0,30.0,30.0,30.0,30.0,31.0,31.0,31.0,31.0,31.0,31.0,31.0,31.0,31.0,31.0,31.0,31.0,32.0,32.0,31.0,31.0,31.0,31.0,31.0,32.0,27,-1
26.145454545454545,26.0,26.0,26.0,27.0,26.0,27.0,27.0,27.0,27.0,26.0,26.0,26.0,26.0,26.0,27.0,26.0,26.0,26.0,26.0,26.0,26.0,27.0,26.12727272727273,27.0,26.0,26.0,26.0,26.0,26.0,26.0,26.0,26.0,26.0,26.0,26.0,26.0,26.0,26.0,26.327272727272728,27.0,26.0,26.0,26.0,26.0,26.0,26.0,27.0,28,-1
27.0,26.0,26.0,26.0,27.0,26.0,27.0,27.0,27.0,27.0,26.0,26.0,26.0,26.0,26.0,27.0,26.0,26.0,26.0,26.0,26.0,26.0,27.0,27.0,27.0,26.0,26.0,26.0,26.0,26.0,26.0,26.0,26.0,26.0,26.0,26.0,26.0,26.0,26.0,27.0,27.0,26.0,26.0,26.0,26.0,26.0,26.0,27.0,28,-1
26.0,26.0,26.0,26.0,27.0,26.0,27.0,27.0,27.0,27.0,26.0,26.0,26.0,26.0,26.0,27.0,26.0,26.0,26.0,26.0,26.0,26.0,27.0,26.0,27.0,26.0,26.0,26.0,26.0,26.0,26.0,26.0,26.0,26.0,26.0,26.0,26.0,26.0,26.0,26.0,27.0,26.0,26.0,26.0,26.0,26.0,26.0,27.0,28,-1
1.0,0.0,0.0,0.0,0.0,0.0,0.0,0.0,0.0,0.0,0.0,0.0,0.0,0.0,0.0,0.0,0.0,0.0,0.0,0.0,0.0,0.0,0.0,1.0,0.0,0.0,0.0,0.0,0.0,0.0,0.0,0.0,0.0,0.0,0.0,0.0,0.0,0.0,0.0,1.0,0.0,0.0,0.0,0.0,0.0,0.0,0.0,0.0,28,-1
0.1111111111111111,0.0,0.0,0.0,0.0,0.0,0.0,0.0,0.0,0.0,0.0,0.0,0.0,0.0,0.0,0.0,0.0,0.0,0.0,0.0,0.0,0.0,0.0,0.1111111111111111,0.0,0.0,0.0,0.0,0.0,0.0,0.0,0.0,0.0,0.0,0.0,0.0,0.0,0.0,0.0,0.1111111111111111,0.0,0.0,0.0,0.0,0.0,0.0,0.0,0.0,28,-1
26.0,26.0,26.0,26.0,27.0,26.0,27.0,27.0,27.0,27.0,26.0,26.0,26.0,26.0,26.0,27.0,26.0,26.0,26.0,26.0,26.0,26.0,27.0,26.0,27.0,26.0,26.0,26.0,26.0,26.0,26.0,26.0,26.0,26.0,26.0,26.0,26.0,26.0,26.0,26.0,27.0,26.0,26.0,26.0,26.0,26.0,26.0,27.0,28,-1
27.632459491503095,27.33447503622711,27.426294295876698,27.169938084573836,27.401659860360954,27.19259649585035,27.421288367803978,27.27137399552101,27.34013963904624,27.182057699907787,27.22921881175076,27.193518640495324,27.3081280463707,27.138848636543276,26.98959293900672,27.400474245817417,27.052693979712817,27.11526808062179,27.29772098537742,26.97826373336846,27.221578184692397,27.18363851929917,27.352259254380186,27.159267553681993,27.384139112106443,26.894085100777236,27.05743643788697,27.20300355684363,27.592016862073507,27.28072717692004,27.378079304439467,27.55434066657884,27.46462916611777,27.34093004874193,27.345804241865366,27.690291134237913,27.770254248452115,27.673692530628376,27.450665261493874,27.620866815966277,27.925569753655644,27.759451982610987,27.44381504413121,27.303385588196548,27.687656435252272,27.318798577262548,27.46963509419049,27.658147806613094,29,-1
32.0,31.0,31.0,31.0,31.0,31.0,31.0,31.0,31.0,31.0,31.0,31.0,31.0,31.0,31.0,31.0,31.0,31.0,31.0,30.0,31.0,31.0,31.0,31.0,31.0,31.0,31.0,31.0,31.0,31.0,31.0,32.0,31.0,31.0,31.0,31.0,31.0,31.0,31.0,32.0,32.0,32.0,31.0,31.0,31.0,31.0,32.0,32.0,29,-1
20.0,20.0,20.0,20.0,20.0,20.0,20.0,20.0,20.0,20.0,20.0,20.0,20.0,20.0,20.0,20.0,20.0,20.0,20.0,20.0,20.0,20.0,20.0,20.0,20.0,20.0,20.0,20.0,20.0,20.0,20.0,20.0,20.0,20.0,20.0,20.0,20.0,20.0,20.0,20.0,20.0,20.0,20.0,20.0,20.0,20.0,20.0,20.0,29,-1
12.0,11.0,11.0,11.0,11.0,11.0,11.0,11.0,11.0,11.0,11.0,11.0,11.0,11.0,11.0,11.0,11.0,11.0,11.0,10.0,11.0,11.0,11.0,11.0,11.0,11.0,11.0,11.0,11.0,11.0,11.0,12.0,11.0,11.0,11.0,11.0,11.0,11.0,11.0,12.0,12.0,12.0,11.0,11.0,11.0,11.0,12.0,12.0,29,-1
0.0009881083900008922,0.0009057660241674844,0.0009057660241674844,0.0009057660241674844,0.0009057660241674844,0.0009057660241674844,0.0009057660241674844,0.0009057660241674844,0.0009057660241674844,0.0009057660241674844,0.0009057660241674844,0.0009057660241674844,0.0009057660241674844,0.0009057660241674844,0.0009057660241674844,0.0009057660241674844,0.0009057660241674844,0.0009057660241674844,0.0009057660241674844,0.0008234236583340767,0.0009057660241674844,0.0009057660241674844,0.0009057660241674844,0.0009057660241674844,0.0009057660241674844,0.0009057660241674844,0.0009057660241674844,0.0009057660241674844,0.0009057660241674844,0.0009057660241674844,0.0009057660241674844,0.0009881083900008922,0.0009057660241674844,0.0009057660241674844,0.0009057660241674844,0.0009057660241674844,0.0009057660241674844,0.0009057660241674844,0.0009057660241674844,0.0009881083900008922,0.0009881083900008922,0.0009881083900008922,0.0009057660241674844,0.0009057660241674844,0.0009057660241674844,0.0009057660241674844,0.0009881083900008922,0.0009881083900008922,29,-1
28.0,28.0,28.0,28.0,28.0,28.0,29.0,28.0,28.0,28.0,28.0,28.0,28.0,28.0,28.0,28.0,28.0,28.0,28.0,28.0,28.0,28.0,28.0,28.0,28.0,27.0,27.0,28.0,28.0,28.0,28.0,28.0,28.0,28.0,28.0,28.0,28.0,28.0,28.0,29.0,29.0,29.0,28.0,28.0,28.0,28.0,28.0,29.0,29,-1
29.0,29.0,29.0,28.43971631205674,29.0,29.0,29.54609929078014,29.0,29.0,29.0,29.0,29.0,29.0,29.0,29.0,29.0,29.0,29.0,29.0,28.51063829787234,29.0,29.0,29.0,29.0,29.0,28.652482269503547,28.659574468085108,29.0,29.0,29.0,29.0,29.0,29.0,29.0,29.0,29.0,29.0,29.0,29.0,29.0,29.18439716312057,29.0,29.0,29.0,29.0,29.0,29.0,29.0,30,-1
29.0,29.0,29.0,29.0,29.0,29.0,30.0,29.0,29.0,29.0,29.0,29.0,29.0,29.0,29.0,29.0,29.0,29.0,29.0,29.0,29.0,29.0,29.0,29.0,29.0,29.0,29.0,29.0,29.0,29.0,29.0,29.0,29.0,29.0,29.0,29.0,29.0,29.0,29.0,29.0,30.0,29.0,29.0,29.0,29.0,29.0,29.0,29.0,30,-1
29.0,29.0,29.0,28.0,29.0,29.0,29.0,29.0,29.0,29.0,29.0,29.0,29.0,29.0,29.0,29.0,29.0,29.0,29.0,28.0,29.0,29.0,29.0,29.0,29.0,28.0,28.0,29.0,29.0,29.0,29.0,29.0,29.0,29.0,29.0,29.0,29.0,29.0,29.0,29.0,29.0,29.0,29.0,29.0,29.0,29.0,29.0,29.0,30,-1
0.0,0.0,0.0,1.0,0.0,0.0,1.0,0.0,0.0,0.0,0.0,0.0,0.0,0.0,0.0,0.0,0.0,0.0,0.0,1.0,0.0,0.0,0.0,0.0,0.0,1.0,1.0,0.0,0.0,0.0,0.0,0.0,0.0,0.0,0.0,0.0,0.0,0.0,0.0,0.0,1.0,0.0,0.0,0.0,0.0,0.0,0.0,0.0,30,-1
0.0,0.0,0.0,0.04285714285714286,0.0,0.0,0.04285714285714286,0.0,0.0,0.0,0.0,0.0,0.0,0.0,0.0,0.0,0.0,0.0,0.0,0.04285714285714286,0.0,0.0,0.0,0.0,0.0,0.04285714285714286,0.04285714285714286,0.0,0.0,0.0,0.0,0.0,0.0,0.0,0.0,0.0,0.0,0.0,0.0,0.0,0.04285714285714286,0.0,0.0,0.0,0.0,0.0,0.0,0.0,30,-1
29.0,29.0,29.0,28.0,29.0,29.0,29.0,29.0,29.0,29.0,29.0,29.0,29.0,29.0,29.0,29.0,29.0,29.0,29.0,28.0,29.0,29.0,29.0,29.0,29.0,28.0,28.0,29.0,29.0,29.0,29.0,29.0,29.0,29.0,29.0,29.0,29.0,29.0,29.0,29.0,29.0,29.0,29.0,29.0,29.0,29.0,29.0,29.0,30,-1
24.86106855610877,24.568651857525854,24.745116813481424,24.451455381080045,24.76828801225584,24.513692072003064,24.771639218690158,24.573535044044426,24.652623515894295,24.518479509766372,24.615090003829952,24.57975871313673,24.689965530448106,24.488797395633856,24.334067407123708,24.698199923400995,24.424932975871315,24.487744159325928,24.666602834163157,24.379452317119878,24.605036384527,24.581673688242052,24.664400612792033,24.49645729605515,24.697050938337803,24.314055917273077,24.399559555725777,24.548257372654156,24.87035618536959,24.58205668326312,24.615664496361546,24.77432018383761,24.70518958253543,24.588663347376485,24.708732286480277,24.99703178858675,25.108196093450786,24.97845653006511,24.68536959019533,24.825067024128685,25.100153198008424,24.904825737265416,24.766181539639984,24.66803906549215,25.058119494446572,24.64821907315205,24.676943699731904,24.81798161623899,31,-1
31.0,30.0,30.0,30.0,30.0,30.0,31.0,30.0,30.0,30.0,30.0,30.0,30.0,30.0,30.0,30.0,30.0,30.0,30.0,30.0,30.0,30.0,30.0,30.0,30.0,29.0,30.0,30.0,30.0,30.0,30.0,30.0,30.0,30.0,30.0,30.0,31.0,31.0,31.0,31.0,31.0,31.0,30.0,30.0,31.0,30.0,31.0,31.0,31,-1
20.0,20.0,20.0,20.0,20.0,20.0,20.0,20.0,20.0,20.0,20.0,20.0,20.0,20.0,20.0,20.0,20.0,20.0,20.0,20.0,20.0,20.0,20.0,20.0,20.0,20.0,20.0,20.0,20.0,20.0,20.0,20.0,20.0,20.0,20.0,20.0,20.0,20.0,20.0,20.0,20.0,20.0,20.0,20.0,20.0,20.0,20.0,20.0,31,-1
11.0,10.0,10.0,10.0,10.0,10.0,11.0,10.0,10.0,10.0,10.0,10.0,10.0,10.0,10.0,10.0,10.0,10.0,10.0,10.0,10.0,10.0,10.0,10.0,10.0,9.0,10.0,10.0,10.0,10.0,10.0,10.0,10.0,10.0,10.0,10.0,11.0,11.0,11.0,11.0,11.0,11.0,10.0,10.0,11.0,10.0,11.0,11.0,31,-1
0.0006584605193058628,0.000598600472096239,0.000598600472096239,0.000598600472096239,0.000598600472096239,0.000598600472096239,0.0006584605193058628,0.000598600472096239,0.000598600472096239,0.000598600472096239,0.000598600472096239,0.000598600472096239,0.000598600472096239,0.000598600472096239,0.000598600472096239,0.000598600472096239,0.000598600472096239,0.000598600472096239,0.000598600472096239,0.000598600472096239,0.000598600472096239,0.000598600472096239,0.000598600472096239,0.000598600472096239,0.000598600472096239,0.000538740424886615,0.000598600472096239,0.000598600472096239,0.000598600472096239,0.000598600472096239,0.000598600472096239,0.000598600472096239,0.000598600472096239,0.000598600472096239,0.000598600472096239,0.000598600472096239,0.0006584605193058628,0.0006584605193058628,0.0006584605193058628,0.0006584605193058628,0.0006584605193058628,0.0006584605193058628,0.000598600472096239,0.000598600472096239,0.0006584605193058628,0.000598600472096239,0.0006584605193058628,0.0006584605193058628,31,-1
31.0,30.0,30.0,30.0,30.0,30.0,31.0,30.0,30.0,30.0,30.0,30.0,30.0,30.0,30.0,30.0,30.0,30.0,30.0,30.0,30.0,30.0,30.0,30.0,30.0,29.0,29.0,30.0,30.0,30.0,30.0,30.0,30.0,30.0,30.0,30.0,31.0,31.0,30.0,31.0,31.0,31.0,30.0,30.0,31.0,30.0,31.0,31.0,31,-1
28.0,28.0,28.0,27.0,28.0,28.0,28.0,28.0,28.0,28.0,28.0,27.0,28.0,27.0,27.0,28.0,28.0,28.0,27.0,27.0,27.0,27.0,28.0,28.0,28.0,27.0,27.0,27.0,28.0,27.0,27.0,28.0,28.0,27.0,27.0,28.0,28.0,28.0,28.0,28.0,28.0,28.0,27.0,27.0,28.0,27.0,28.0,28.0,32,-1
28.0,28.0,28.0,27.0,28.0,28.0,28.0,28.0,28.0,28.0,28.0,27.0,28.0,27.0,27.0,28.0,28.0,28.0,27.0,27.0,27.0,27.0,28.0,28.0,28.0,27.0,27.0,27.0,28.0,27.0,27.0,28.0,28.0,27.0,27.0,28.0,28.0,28.0,28.0,28.0,28.0,28.0,27.0,27.0,28.0,27.0,28.0,28.0,32,-1
28.0,28.0,28.0,27.0,28.0,28.0,28.0,28.0,28.0,28.0,28.0,27.0,28.0,27.0,27.0,28.0,28.0,28.0,27.0,27.0,27.0,27.0,28.0,28.0,28.0,27.0,27.0,27.0,28.0,27.0,27.0,28.0,28.0,27.0,27.0,28.0,28.0,28.0,28.0,28.0,28.0,28.0,27.0,27.0,28.0,27.0,28.0,28.0,32,-1
0.0,0.0,0.0,0.0,0.0,0.0,0.0,0.0,0.0,0.0,0.0,0.0,0.0,0.0,0.0,0.0,0.0,0.0,0.0,0.0,0.0,0.0,0.0,0.0,0.0,0.0,0.0,0.0,0.0,0.0,0.0,0.0,0.0,0.0,0.0,0.0,0.0,0.0,0.0,0.0,0.0,0.0,0.0,0.0,0.0,0.0,0.0,0.0,32,-1
0.0,0.0,0.0,0.0,0.0,0.0,0.0,0.0,0.0,0.0,0.0,0.0,0.0,0.0,0.0,0.0,0.0,0.0,0.0,0.0,0.0,0.0,0.0,0.0,0.0,0.0,0.0,0.0,0.0,0.0,0.0,0.0,0.0,0.0,0.0,0.0,0.0,0.0,0.0,0.0,0.0,0.0,0.0,0.0,0.0,0.0,0.0,0.0,32,-1
28.0,28.0,28.0,27.0,28.0,28.0,28.0,28.0,28.0,28.0,28.0,27.0,28.0,27.0,27.0,28.0,28.0,28.0,27.0,27.0,27.0,27.0,28.0,28.0,28.0,27.0,27.0,27.0,28.0,27.0,27.0,28.0,28.0,27.0,27.0,28.0,28.0,28.0,28.0,28.0,28.0,28.0,27.0,27.0,28.0,27.0,28.0,28.0,32,-1
29.0,29.0,29.0,28.0,29.0,29.0,30.0,29.0,29.0,29.0,29.0,29.0,29.0,29.0,29.0,29.0,29.0,29.0,29.0,28.0,29.0,29.0,29.0,29.0,29.0,28.0,28.0,29.0,29.0,29.0,29.0,29.0,29.0,29.0,29.0,29.0,29.0,29.0,29.0,29.0,29.0,29.0,29.0,29.0,29.0,29.0,29.0,29.0,33,-1
29.0,29.0,29.0,28.0,29.0,29.0,30.0,29.0,29.0,29.0,29.0,29.0,29.0,29.0,29.0,29.0,29.0,29.0,29.0,28.0,29.0,29.0,29.0,29.0,29.0,28.0,28.0,29.0,29.0,29.0,29.0,29.0,29.0,29.0,29.0,29.0,29.0,29.0,29.0,29.0,29.0,29.0,29.0,29.0,29.0,29.0,29.0,29.0,33,-1
29.0,29.0,29.0,28.0,29.0,29.0,30.0,29.0,29.0,29.0,29.0,29.0,29.0,29.0,29.0,29.0,29.0,29.0,29.0,28.0,29.0,29.0,29.0,29.0,29.0,28.0,28.0,29.0,29.0,29.0,29.0,29.0,29.0,29.0,29.0,29.0,29.0,29.0,29.0,29.0,29.0,29.0,29.0,29.0,29.0,29.0,29.0,29.0,33,-1
0.0,0.0,0.0,0.0,0.0,0.0,0.0,0.0,0.0,0.0,0.0,0.0,0.0,0.0,0.0,0.0,0.0,0.0,0.0,0.0,0.0,0.0,0.0,0.0,0.0,0.0,0.0,0.0,0.0,0.0,0.0,0.0,0.0,0.0,0.0,0.0,0.0,0.0,0.0,0.0,0.0,0.0,0.0,0.0,0.0,0.0,0.0,0.0,33,-1
0.0,0.0,0.0,0.0,0.0,0.0,0.0,0.0,0.0,0.0,0.0,0.0,0.0,0.0,0.0,0.0,0.0,0.0,0.0,0.0,0.0,0.0,0.0,0.0,0.0,0.0,0.0,0.0,0.0,0.0,0.0,0.0,0.0,0.0,0.0,0.0,0.0,0.0,0.0,0.0,0.0,0.0,0.0,0.0,0.0,0.0,0.0,0.0,33,-1
29.0,29.0,29.0,28.0,29.0,29.0,30.0,29.0,29.0,29.0,29.0,29.0,29.0,29.0,29.0,29.0,29.0,29.0,29.0,28.0,29.0,29.0,29.0,29.0,29.0,28.0,28.0,29.0,29.0,29.0,29.0,29.0,29.0,29.0,29.0,29.0,29.0,29.0,29.0,29.0,29.0,29.0,29.0,29.0,29.0,29.0,29.0,29.0,33,-1
30.0,29.0,29.0,29.0,29.18,29.0,30.0,30.0,30.0,29.91,29.0,29.0,29.0,29.0,29.0,29.73,29.0,29.0,29.0,29.0,29.0,29.0,29.0,29.0,29.0,29.0,29.0,29.0,29.0,29.0,29.0,29.0,29.0,29.0,29.0,29.0,30.0,29.53,29.0,30.0,30.0,30.0,29.0,29.0,29.79,29.0,29.77,30.0,34,-1
30.0,29.0,29.0,29.0,30.0,29.0,30.0,30.0,30.0,30.0,29.0,29.0,29.0,29.0,29.0,30.0,29.0,29.0,29.0,29.0,29.0,29.0,29.0,29.0,29.0,29.0,29.0,29.0,29.0,29.0,29.0,29.0,29.0,29.0,29.0,29.0,30.0,30.0,29.0,30.0,30.0,30.0,29.0,29.0,30.0,29.0,30.0,30.0,34,-1
30.0,29.0,29.0,29.0,29.0,29.0,30.0,30.0,30.0,29.0,29.0,29.0,29.0,29.0,29.0,29.0,29.0,29.0,29.0,29.0,29.0,29.0,29.0,29.0,29.0,29.0,29.0,29.0,29.0,29.0,29.0,29.0,29.0,29.0,29.0,29.0,30.0,29.0,29.0,30.0,30.0,30.0,29.0,29.0,29.0,29.0,29.0,30.0,34,-1
0.0,0.0,0.0,0.0,1.0,0.0,0.0,0.0,0.0,1.0,0.0,0.0,0.0,0.0,0.0,1.0,0.0,0.0,0.0,0.0,0.0,0.0,0.0,0.0,0.0,0.0,0.0,0.0,0.0,0.0,0.0,0.0,0.0,0.0,0.0,0.0,0.0,1.0,0.0,0.0,0.0,0.0,0.0,0.0,1.0,0.0,1.0,0.0,34,-1
0.0,0.0,0.0,0.0,0.06060606060606061,0.0,0.0,0.0,0.0,0.06060606060606061,0.0,0.0,0.0,0.0,0.0,0.06060606060606061,0.0,0.0,0.0,0.0,0.0,0.0,0.0,0.0,0.0,0.0,0.0,0.0,0.0,0.0,0.0,0.0,0.0,0.0,0.0,0.0,0.0,0.06060606060606061,0.0,0.0,0.0,0.0,0.0,0.0,0.06060606060606061,0.0,0.06060606060606061,0.0,34,-1
30.0,29.0,29.0,29.0,29.0,29.0,30.0,30.0,30.0,29.0,29.0,29.0,29.0,29.0,29.0,29.0,29.0,29.0,29.0,29.0,29.0,29.0,29.0,29.0,29.0,29.0,29.0,29.0,29.0,29.0,29.0,29.0,29.0,29.0,29.0,29.0,30.0,29.0,29.0,30.0,30.0,30.0,29.0,29.0,29.0,29.0,29.0,30.0,34,-1
22.313113807047948,22.09686115925284,22.271423069516658,22.089254766031196,22.34893125361063,22.123531677257848,22.373002118236087,22.11900635470826,22.267668014635085,22.131619487772,22.221259387637204,22.20729828615444,22.356633930290776,22.176680146350858,21.89688041594454,22.374446370113613,22.077797034469477,22.130271519352974,22.309551319083383,22.08145580589255,22.193433468130173,22.163585595994608,22.323512420566146,22.07991527055652,22.373483535528596,21.862699788176393,22.070479491623338,22.149335644136336,22.42201039861352,22.135374542653572,22.116502984787214,22.186404775659543,22.175524744848836,22.139611014827654,22.261891007124976,22.602060466011938,22.708646254573463,22.58001155401502,22.191989216252647,22.247641055266705,22.612266512613132,22.48729058347776,22.35374542653572,22.261698440207972,22.6368187945311,22.223377623724243,22.159349123820526,22.256595416907377,35,-1
30.0,30.0,30.0,30.0,30.0,30.0,30.0,30.0,30.0,30.0,30.0,30.0,30.0,30.0,29.0,30.0,29.0,30.0,30.0,29.0,30.0,29.0,29.0,29.0,29.0,29.0,29.0,29.0,30.0,30.0,30.0,30.0,30.0,30.0,30.0,30.0,30.0,30.0,30.0,30.0,31.0,31.0,30.0,30.0,30.0,30.0,30.0,31.0,35,-1
10.0,10.0,10.0,10.0,10.0,10.0,10.0,9.0,10.0,10.0,10.0,10.0,10.0,10.0,9.0,10.0,9.0,10.0,10.0,10.0,10.0,10.0,10.0,9.0,10.0,9.0,10.0,10.0,10.0,10.0,10.0,10.0,10.0,10.0,10.0,10.0,10.0,10.0,10.0,10.0,10.0,10.0,10.0,10.0,10.0,10.0,10.0,10.0,35,-1
20.0,20.0,20.0,20.0,20.0,20.0,20.0,21.0,20.0,20.0,20.0,20.0,20.0,20.0,20.0,20.0,20.0,20.0,20.0,19.0,20.0,19.0,19.0,20.0,19.0,20.0,19.0,19.0,20.0,20.0,20.0,20.0,20.0,20.0,20.0,20.0,20.0,20.0,20.0,20.0,21.0,21.0,20.0,20.0,20.0,20.0,20.0,21.0,35,-1
0.0006790041724806399,0.0006790041724806399,0.0006790041724806399,0.0006790041724806399,0.0006790041724806399,0.0006790041724806399,0.0006790041724806399,0.0007129543811046718,0.0006790041724806399,0.0006790041724806399,0.0006790041724806399,0.0006790041724806399,0.0006790041724806399,0.0006790041724806399,0.0006790041724806399,0.0006790041724806399,0.0006790041724806399,0.0006790041724806399,0.0006790041724806399,0.0006450539638566078,0.0006790041724806399,0.0006450539638566078,0.0006450539638566078,0.0006790041724806399,0.0006450539638566078,0.0006790041724806399,0.0006450539638566078,0.0006450539638566078,0.0006790041724806399,0.0006790041724806399,0.0006790041724806399,0.0006790041724806399,0.0006790041724806399,0.0006790041724806399,0.0006790041724806399,0.0006790041724806399,0.0006790041724806399,0.0006790041724806399,0.0006790041724806399,0.0006790041724806399,0.0007129543811046718,0.0007129543811046718,0.0006790041724806399,0.0006790041724806399,0.0006790041724806399,0.0006790041724806399,0.0006790041724806399,0.0007129543811046718,35,-1
30.0,30.0,30.0,30.0,30.0,30.0,30.0,30.0,30.0,30.0,30.0,30.0,30.0,30.0,29.0,30.0,29.0,30.0,30.0,29.0,30.0,29.0,29.0,29.0,29.0,29.0,29.0,29.0,30.0,30.0,30.0,30.0,30.0,30.0,30.0,30.0,30.0,30.0,30.0,30.0,31.0,31.0,30.0,30.0,30.0,30.0,30.0,31.0,35,-1
16.88888888888889,16.0,16.0,16.0,16.414141414141415,16.0,17.0,17.0,17.0,17.0,16.0,16.0,16.0,16.0,16.141414141414142,17.0,16.0,16.0,16.0,16.0,16.0,16.0,16.565656565656564,16.333333333333332,17.0,16.0,16.0,16.0,16.0,16.0,16.0,16.525252525252526,16.0,16.0,16.0,16.0,16.0,16.0,16.0,17.0,17.0,16.707070707070706,16.0,16.0,16.0,16.0,16.363636363636363,17.0,36,-1
17.0,16.0,16.0,16.0,17.0,16.0,17.0,17.0,17.0,17.0,16.0,16.0,16.0,16.0,17.0,17.0,16.0,16.0,16.0,16.0,16.0,16.0,17.0,17.0,17.0,16.0,16.0,16.0,16.0,16.0,16.0,17.0,16.0,16.0,16.0,16.0,16.0,16.0,16.0,17.0,17.0,17.0,16.0,16.0,16.0,16.0,17.0,17.0,36,-1
16.0,16.0,16.0,16.0,16.0,16.0,17.0,17.0,17.0,17.0,16.0,16.0,16.0,16.0,16.0,17.0,16.0,16.0,16.0,16.0,16.0,16.0,16.0,16.0,17.0,16.0,16.0,16.0,16.0,16.0,16.0,16.0,16.0,16.0,16.0,16.0,16.0,16.0,16.0,17.0,17.0,16.0,16.0,16.0,16.0,16.0,16.0,17.0,36,-1
1.0,0.0,0.0,0.0,1.0,0.0,0.0,0.0,0.0,0.0,0.0,0.0,0.0,0.0,1.0,0.0,0.0,0.0,0.0,0.0,0.0,0.0,1.0,1.0,0.0,0.0,0.0,0.0,0.0,0.0,0.0,1.0,0.0,0.0,0.0,0.0,0.0,0.0,0.0,0.0,0.0,1.0,0.0,0.0,0.0,0.0,1.0,0.0,36,-1
0.06122448979591837,0.0,0.0,0.0,0.06122448979591837,0.0,0.0,0.0,0.0,0.0,0.0,0.0,0.0,0.0,0.06122448979591837,0.0,0.0,0.0,0.0,0.0,0.0,0.0,0.06122448979591837,0.06122448979591837,0.0,0.0,0.0,0.0,0.0,0.0,0.0,0.06122448979591837,0.0,0.0,0.0,0.0,0.0,0.0,0.0,0.0,0.0,0.06122448979591837,0.0,0.0,0.0,0.0,0.06122448979591837,0.0,36,-1
16.0,16.0,16.0,16.0,16.0,16.0,17.0,17.0,17.0,17.0,16.0,16.0,16.0,16.0,16.0,17.0,16.0,16.0,16.0,16.0,16.0,16.0,16.0,16.0,17.0,16.0,16.0,16.0,16.0,16.0,16.0,16.0,16.0,16.0,16.0,16.0,16.0,16.0,16.0,17.0,17.0,16.0,16.0,16.0,16.0,16.0,16.0,17.0,36,-1
18.0,18.0,18.0,17.0,18.0,18.0,19.0,19.0,19.0,18.0,18.0,18.0,18.0,18.0,18.0,19.0,18.0,18.0,18.0,17.0,18.0,18.0,18.0,18.0,18.0,18.0,18.0,18.0,18.0,18.0,18.0,18.0,18.0,18.0,18.0,18.0,18.0,18.0,18.0,18.0,19.0,18.0,18.0,18.0,18.0,18.0,18.0,19.0,37,-1
18.0,18.0,18.0,17.0,18.0,18.0,19.0,19.0,19.0,18.0,18.0,18.0,18.0,18.0,18.0,19.0,18.0,18.0,18.0,17.0,18.0,18.0,18.0,18.0,18.0,18.0,18.0,18.0,18.0,18.0,18.0,18.0,18.0,18.0,18.0,18.0,18.0,18.0,18.0,18.0,19.0,18.0,18.0,18.0,18.0,18.0,18.0,19.0,37,-1
18.0,18.0,18.0,17.0,18.0,18.0,19.0,19.0,19.0,18.0,18.0,18.0,18.0,18.0,18.0,19.0,18.0,18.0,18.0,17.0,18.0,18.0,18.0,18.0,18.0,18.0,18.0,18.0,18.0,18.0,18.0,18.0,18.0,18.0,18.0,18.0,18.0,18.0,18.0,18.0,19.0,18.0,18.0,18.0,18.0,18.0,18.0,19.0,37,-1
0.0,0.0,0.0,0.0,0.0,0.0,0.0,0.0,0.0,0.0,0.0,0.0,0.0,0.0,0.0,0.0,0.0,0.0,0.0,0.0,0.0,0.0,0.0,0.0,0.0,0.0,0.0,0.0,0.0,0.0,0.0,0.0,0.0,0.0,0.0,0.0,0.0,0.0,0.0,0.0,0.0,0.0,0.0,0.0,0.0,0.0,0.0,0.0,37,-1
0.0,0.0,0.0,0.0,0.0,0.0,0.0,0.0,0.0,0.0,0.0,0.0,0.0,0.0,0.0,0.0,0.0,0.0,0.0,0.0,0.0,0.0,0.0,0.0,0.0,0.0,0.0,0.0,0.0,0.0,0.0,0.0,0.0,0.0,0.0,0.0,0.0,0.0,0.0,0.0,0.0,0.0,0.0,0.0,0.0,0.0,0.0,0.0,37,-1
18.0,18.0,18.0,17.0,18.0,18.0,19.0,19.0,19.0,18.0,18.0,18.0,18.0,18.0,18.0,19.0,18.0,18.0,18.0,17.0,18.0,18.0,18.0,18.0,18.0,18.0,18.0,18.0,18.0,18.0,18.0,18.0,18.0,18.0,18.0,18.0,18.0,18.0,18.0,18.0,19.0,18.0,18.0,18.0,18.0,18.0,18.0,19.0,37,-1
16.03891509433962,15.80135077186964,15.961084905660377,15.68246140651801,16.01286449399657,15.727701543739279,16.02583619210978,15.813786449399657,15.89622641509434,15.759326758147512,15.882075471698114,15.821719554030874,15.949078044596913,15.710656089193826,15.584476843910807,16.00160806174957,15.635506003430532,15.721590909090908,15.907268439108062,15.556603773584905,15.844125214408233,15.742066895368783,15.916166380789022,15.731560891938251,15.994854202401372,15.543739279588337,15.61106346483705,15.72705831903945,16.058962264150942,15.817645797598628,15.842945969125214,16.00600343053173,15.93021012006861,15.82922384219554,15.910591766723842,16.176457975986278,16.23767152658662,16.132075471698112,15.930853344768439,16.017581475128644,16.269939965694682,16.101843910806174,15.978987993138936,15.922062607204117,16.200150085763294,15.898156089193826,15.856775300171526,16.011899656946827,38,-1
20.0,20.0,20.0,20.0,20.0,20.0,20.0,20.0,20.0,20.0,20.0,20.0,20.0,20.0,20.0,20.0,20.0,20.0,20.0,20.0,20.0,20.0,20.0,20.0,20.0,20.0,20.0,20.0,20.0,20.0,20.0,20.0,20.0,20.0,20.0,20.0,20.0,20.0,20.0,21.0,21.0,21.0,20.0,20.0,20.0,20.0,20.0,21.0,38,-1
12.0,12.0,12.0,12.0,12.0,12.0,12.0,12.0,12.0,12.0,12.0,12.0,12.0,12.0,12.0,12.0,12.0,12.0,12.0,12.0,12.0,12.0,12.0,12.0,12.0,12.0,12.0,12.0,12.0,12.0,12.0,12.0,12.0,12.0,12.0,13.0,13.0,12.0,12.0,12.0,12.0,12.0,12.0,12.0,13.0,12.0,12.0,12.0,38,-1
8.0,8.0,8.0,8.0,8.0,8.0,8.0,8.0,8.0,8.0,8.0,8.0,8.0,8.0,8.0,8.0,8.0,8.0,8.0,8.0,8.0,8.0,8.0,8.0,8.0,8.0,8.0,8.0,8.0,8.0,8.0,8.0,8.0,8.0,8.0,7.0,7.0,8.0,8.0,9.0,9.0,9.0,8.0,8.0,7.0,8.0,8.0,9.0,38,-1
0.00041296077388849027,0.00041296077388849027,0.00041296077388849027,0.00041296077388849027,0.00041296077388849027,0.00041296077388849027,0.00041296077388849027,0.00041296077388849027,0.00041296077388849027,0.00041296077388849027,0.00041296077388849027,0.00041296077388849027,0.00041296077388849027,0.00041296077388849027,0.00041296077388849027,0.00041296077388849027,0.00041296077388849027,0.00041296077388849027,0.00041296077388849027,0.00041296077388849027,0.00041296077388849027,0.00041296077388849027,0.00041296077388849027,0.00041296077388849027,0.00041296077388849027,0.00041296077388849027,0.00041296077388849027,0.00041296077388849027,0.00041296077388849027,0.00041296077388849027,0.00041296077388849027,0.00041296077388849027,0.00041296077388849027,0.00041296077388849027,0.00041296077388849027,0.000361340677152429,0.000361340677152429,0.00041296077388849027,0.00041296077388849027,0.0004645808706245516,0.0004645808706245516,0.0004645808706245516,0.00041296077388849027,0.00041296077388849027,0.000361340677152429,0.00041296077388849027,0.00041296077388849027,0.0004645808706245516,38,-1
20.0,20.0,20.0,19.0,20.0,20.0,20.0,20.0,20.0,20.0,20.0,20.0,20.0,20.0,20.0,20.0,20.0,20.0,20.0,19.0,20.0,19.0,20.0,19.0,20.0,19.0,19.0,19.0,20.0,20.0,20.0,20.0,20.0,20.0,20.0,20.0,20.0,20.0,20.0,20.0,21.0,20.0,20.0,20.0,20.0,20.0,20.0,21.0,38,-1
23.0,22.0,22.0,22.0,22.0,22.0,23.0,22.0,22.0,22.0,22.0,22.0,22.0,22.0,22.0,22.0,22.0,22.0,22.0,22.0,22.0,22.0,22.0,22.0,22.0,21.0,21.0,22.0,22.0,22.0,22.0,22.0,22.0,22.0,22.0,22.0,22.0,22.0,22.0,23.0,23.0,23.0,22.0,22.0,22.0,22.0,23.0,23.0,39,-1
23.0,22.0,22.0,22.0,22.0,22.0,23.0,22.0,22.0,22.0,22.0,22.0,22.0,22.0,22.0,22.0,22.0,22.0,22.0,22.0,22.0,22.0,22.0,22.0,22.0,21.0,21.0,22.0,22.0,22.0,22.0,22.0,22.0,22.0,22.0,22.0,22.0,22.0,22.0,23.0,23.0,23.0,22.0,22.0,22.0,22.0,23.0,23.0,39,-1
23.0,22.0,22.0,22.0,22.0,22.0,23.0,22.0,22.0,22.0,22.0,22.0,22.0,22.0,22.0,22.0,22.0,22.0,22.0,22.0,22.0,22.0,22.0,22.0,22.0,21.0,21.0,22.0,22.0,22.0,22.0,22.0,22.0,22.0,22.0,22.0,22.0,22.0,22.0,23.0,23.0,23.0,22.0,22.0,22.0,22.0,23.0,23.0,39,-1
0.0,0.0,0.0,0.0,0.0,0.0,0.0,0.0,0.0,0.0,0.0,0.0,0.0,0.0,0.0,0.0,0.0,0.0,0.0,0.0,0.0,0.0,0.0,0.0,0.0,0.0,0.0,0.0,0.0,0.0,0.0,0.0,0.0,0.0,0.0,0.0,0.0,0.0,0.0,0.0,0.0,0.0,0.0,0.0,0.0,0.0,0.0,0.0,39,-1
0.0,0.0,0.0,0.0,0.0,0.0,0.0,0.0,0.0,0.0,0.0,0.0,0.0,0.0,0.0,0.0,0.0,0.0,0.0,0.0,0.0,0.0,0.0,0.0,0.0,0.0,0.0,0.0,0.0,0.0,0.0,0.0,0.0,0.0,0.0,0.0,0.0,0.0,0.0,0.0,0.0,0.0,0.0,0.0,0.0,0.0,0.0,0.0,39,-1
23.0,22.0,22.0,22.0,22.0,22.0,23.0,22.0,22.0,22.0,22.0,22.0,22.0,22.0,22.0,22.0,22.0,22.0,22.0,22.0,22.0,22.0,22.0,22.0,22.0,21.0,21.0,22.0,22.0,22.0,22.0,22.0,22.0,22.0,22.0,22.0,22.0,22.0,22.0,23.0,23.0,23.0,22.0,22.0,22.0,22.0,23.0,23.0,39,-1
17.00365981178111,16.811258278145694,16.871732310909724,16.6570233530847,16.85064482398048,16.571802021610317,16.785291042174975,16.41233879400488,16.64918089926804,16.527884280237018,16.784419658417566,16.7654234925061,16.849773440223075,16.66608574416173,16.225339839665388,16.589578250261415,16.3326943185779,16.50243987452074,16.740327640292787,16.44457999302893,16.65946322760544,16.577378877657722,16.539037992331824,16.32886023004531,16.478563959567794,16.111188567445105,16.357441617288252,16.53328685953294,16.933600557685605,16.73440223074242,16.78860230045312,16.879226211223422,16.88271174625305,16.800975949808297,16.824329034506796,17.07337051237365,17.19728128267689,17.08121296619031,16.89072847682119,16.973335657023352,17.229696758452423,17.088358313001045,16.944231439525968,16.850296270477518,17.170268386197282,16.82607180202161,16.910596026490065,17.039037992331824,40,-1
23.0,23.0,23.0,22.0,23.0,23.0,23.0,23.0,23.0,23.0,23.0,23.0,23.0,23.0,22.0,23.0,22.0,22.0,23.0,22.0,22.0,22.0,22.0,22.0,22.0,22.0,22.0,22.0,23.0,22.0,22.0,23.0,23.0,23.0,23.0,23.0,23.0,23.0,23.0,23.0,24.0,23.0,23.0,23.0,23.0,23.0,23.0,24.0,40,-1
13.0,13.0,13.0,13.0,13.0,13.0,13.0,13.0,13.0,13.0,13.0,13.0,13.0,13.0,13.0,13.0,13.0,13.0,13.0,13.0,13.0,13.0,13.0,13.0,13.0,12.0,13.0,13.0,13.0,13.0,13.0,13.0,13.0,13.0,13.0,13.0,14.0,14.0,13.0,13.0,13.0,13.0,13.0,13.0,14.0,13.0,13.0,13.0,40,-1
10.0,10.0,10.0,9.0,10.0,10.0,10.0,10.0,10.0,10.0,10.0,10.0,10.0,10.0,9.0,10.0,9.0,9.0,10.0,9.0,9.0,9.0,9.0,9.0,9.0,10.0,9.0,9.0,10.0,9.0,9.0,10.0,10.0,10.0,10.0,10.0,9.0,9.0,10.0,10.0,11.0,10.0,10.0,10.0,9.0,10.0,10.0,11.0,40,-1
0.0015612396242616637,0.0015612396242616637,0.0015612396242616637,0.0014051156618354974,0.0015612396242616637,0.0015612396242616637,0.0015612396242616637,0.0015612396242616637,0.0015612396242616637,0.0015612396242616637,0.0015612396242616637,0.0015612396242616637,0.0015612396242616637,0.0015612396242616637,0.0014051156618354974,0.0015612396242616637,0.0014051156618354974,0.0014051156618354974,0.0015612396242616637,0.0014051156618354974,0.0014051156618354974,0.0014051156618354974,0.0014051156618354974,0.0014051156618354974,0.0014051156618354974,0.0015612396242616637,0.0014051156618354974,0.0014051156618354974,0.0015612396242616637,0.0014051156618354974,0.0014051156618354974,0.0015612396242616637,0.0015612396242616637,0.0015612396242616637,0.0015612396242616637,0.0015612396242616637,0.0014051156618354974,0.0014051156618354974,0.0015612396242616637,0.0015612396242616637,0.00171736358668783,0.0015612396242616637,0.0015612396242616637,0.0015612396242616637,0.0014051156618354974,0.0015612396242616637,0.0015612396242616637,0.00171736358668783,40,-1
23.0,23.0,23.0,22.0,23.0,23.0,23.0,23.0,23.0,23.0,23.0,23.0,23.0,23.0,22.0,23.0,22.0,22.0,22.0,22.0,22.0,22.0,22.0,22.0,22.0,22.0,22.0,22.0,23.0,22.0,22.0,23.0,23.0,23.0,23.0,23.0,23.0,23.0,23.0,23.0,24.0,23.0,23.0,23.0,23.0,23.0,23.0,24.0,40,-1
20.0,19.0,19.0,19.0,19.0,19.0,20.0,20.0,20.0,19.0,19.0,19.0,19.0,19.0,19.0,20.0,19.0,19.0,19.0,19.0,19.0,19.0,19.0,19.0,19.0,19.0,19.0,19.0,19.0,19.0,19.0,19.0,19.0,19.0,19.0,19.0,19.0,19.0,19.0,20.0,20.0,20.0,19.0,19.0,19.0,19.0,19.0,20.0,41,-1
20.0,19.0,19.0,19.0,19.0,19.0,20.0,20.0,20.0,19.0,19.0,19.0,19.0,19.0,19.0,20.0,19.0,19.0,19.0,19.0,19.0,19.0,19.0,19.0,19.0,19.0,19.0,19.0,19.0,19.0,19.0,19.0,19.0,19.0,19.0,19.0,19.0,19.0,19.0,20.0,20.0,20.0,19.0,19.0,19.0,19.0,19.0,20.0,41,-1
20.0,19.0,19.0,19.0,19.0,19.0,20.0,20.0,20.0,19.0,19.0,19.0,19.0,19.0,19.0,20.0,19.0,19.0,19.0,19.0,19.0,19.0,19.0,19.0,19.0,19.0,19.0,19.0,19.0,19.0,19.0,19.0,19.0,19.0,19.0,19.0,19.0,19.0,19.0,20.0,20.0,20.0,19.0,19.0,19.0,19.0,19.0,20.0,41,-1
0.0,0.0,0.0,0.0,0.0,0.0,0.0,0.0,0.0,0.0,0.0,0.0,0.0,0.0,0.0,0.0,0.0,0.0,0.0,0.0,0.0,0.0,0.0,0.0,0.0,0.0,0.0,0.0,0.0,0.0,0.0,0.0,0.0,0.0,0.0,0.0,0.0,0.0,0.0,0.0,0.0,0.0,0.0,0.0,0.0,0.0,0.0,0.0,41,-1
0.0,0.0,0.0,0.0,0.0,0.0,0.0,0.0,0.0,0.0,0.0,0.0,0.0,0.0,0.0,0.0,0.0,0.0,0.0,0.0,0.0,0.0,0.0,0.0,0.0,0.0,0.0,0.0,0.0,0.0,0.0,0.0,0.0,0.0,0.0,0.0,0.0,0.0,0.0,0.0,0.0,0.0,0.0,0.0,0.0,0.0,0.0,0.0,41,-1
20.0,19.0,19.0,19.0,19.0,19.0,20.0,20.0,20.0,19.0,19.0,19.0,19.0,19.0,19.0,20.0,19.0,19.0,19.0,19.0,19.0,19.0,19.0,19.0,19.0,19.0,19.0,19.0,19.0,19.0,19.0,19.0,19.0,19.0,19.0,19.0,19.0,19.0,19.0,20.0,20.0,20.0,19.0,19.0,19.0,19.0,19.0,20.0,41,-1
20.0,20.0,20.0,19.0,20.0,20.0,21.0,20.0,20.0,20.0,20.0,20.0,20.0,20.0,20.0,20.0,20.0,20.0,20.0,19.0,20.0,20.0,20.0,20.0,20.0,20.0,19.0,20.0,20.0,20.0,20.0,20.0,20.0,20.0,20.0,20.0,20.0,20.0,20.0,20.0,21.0,20.0,20.0,20.0,20.0,20.0,20.0,21.0,42,-1
20.0,20.0,20.0,19.0,20.0,20.0,21.0,20.0,20.0,20.0,20.0,20.0,20.0,20.0,20.0,20.0,20.0,20.0,20.0,19.0,20.0,20.0,20.0,20.0,20.0,20.0,19.0,20.0,20.0,20.0,20.0,20.0,20.0,20.0,20.0,20.0,20.0,20.0,20.0,20.0,21.0,20.0,20.0,20.0,20.0,20.0,20.0,21.0,42,-1
20.0,20.0,20.0,19.0,20.0,20.0,21.0,20.0,20.0,20.0,20.0,20.0,20.0,20.0,20.0,20.0,20.0,20.0,20.0,19.0,20.0,20.0,20.0,20.0,20.0,20.0,19.0,20.0,20.0,20.0,20.0,20.0,20.0,20.0,20.0,20.0,20.0,20.0,20.0,20.0,21.0,20.0,20.0,20.0,20.0,20.0,20.0,21.0,42,-1
0.0,0.0,0.0,0.0,0.0,0.0,0.0,0.0,0.0,0.0,0.0,0.0,0.0,0.0,0.0,0.0,0.0,0.0,0.0,0.0,0.0,0.0,0.0,0.0,0.0,0.0,0.0,0.0,0.0,0.0,0.0,0.0,0.0,0.0,0.0,0.0,0.0,0.0,0.0,0.0,0.0,0.0,0.0,0.0,0.0,0.0,0.0,0.0,42,-1
0.0,0.0,0.0,0.0,0.0,0.0,0.0,0.0,0.0,0.0,0.0,0.0,0.0,0.0,0.0,0.0,0.0,0.0,0.0,0.0,0.0,0.0,0.0,0.0,0.0,0.0,0.0,0.0,0.0,0.0,0.0,0.0,0.0,0.0,0.0,0.0,0.0,0.0,0.0,0.0,0.0,0.0,0.0,0.0,0.0,0.0,0.0,0.0,42,-1
20.0,20.0,20.0,19.0,20.0,20.0,21.0,20.0,20.0,20.0,20.0,20.0,20.0,20.0,20.0,20.0,20.0,20.0,20.0,19.0,20.0,20.0,20.0,20.0,20.0,20.0,19.0,20.0,20.0,20.0,20.0,20.0,20.0,20.0,20.0,20.0,20.0,20.0,20.0,20.0,21.0,20.0,20.0,20.0,20.0,20.0,20.0,21.0,42,-1
21.0,20.0,20.0,20.0,21.0,20.0,21.0,21.0,21.0,21.0,20.0,20.0,20.0,20.0,20.0,21.0,20.0,20.0,20.0,20.0,20.0,20.0,20.0,20.0,20.0,20.0,20.0,20.0,20.0,20.0,20.0,21.0,21.0,20.0,20.0,20.0,21.0,20.0,21.0,21.0,21.0,21.0,20.0,20.0,21.0,20.0,21.0,21.0,43,-1
21.0,20.0,20.0,20.0,21.0,20.0,21.0,21.0,21.0,21.0,20.0,20.0,20.0,20.0,20.0,21.0,20.0,20.0,20.0,20.0,20.0,20.0,20.0,20.0,20.0,20.0,20.0,20.0,20.0,20.0,20.0,21.0,21.0,20.0,20.0,20.0,21.0,20.0,21.0,21.0,21.0,21.0,20.0,20.0,21.0,20.0,21.0,21.0,43,-1
21.0,20.0,20.0,20.0,21.0,20.0,21.0,21.0,21.0,21.0,20.0,20.0,20.0,20.0,20.0,21.0,20.0,20.0,20.0,20.0,20.0,20.0,20.0,20.0,20.0,20.0,20.0,20.0,20.0,20.0,20.0,21.0,21.0,20.0,20.0,20.0,21.0,20.0,21.0,21.0,21.0,21.0,20.0,20.0,21.0,20.0,21.0,21.0,43,-1
0.0,0.0,0.0,0.0,0.0,0.0,0.0,0.0,0.0,0.0,0.0,0.0,0.0,0.0,0.0,0.0,0.0,0.0,0.0,0.0,0.0,0.0,0.0,0.0,0.0,0.0,0.0,0.0,0.0,0.0,0.0,0.0,0.0,0.0,0.0,0.0,0.0,0.0,0.0,0.0,0.0,0.0,0.0,0.0,0.0,0.0,0.0,0.0,43,-1
0.0,0.0,0.0,0.0,0.0,0.0,0.0,0.0,0.0,0.0,0.0,0.0,0.0,0.0,0.0,0.0,0.0,0.0,0.0,0.0,0.0,0.0,0.0,0.0,0.0,0.0,0.0,0.0,0.0,0.0,0.0,0.0,0.0,0.0,0.0,0.0,0.0,0.0,0.0,0.0,0.0,0.0,0.0,0.0,0.0,0.0,0.0,0.0,43,-1
21.0,20.0,20.0,20.0,21.0,20.0,21.0,21.0,21.0,21.0,20.0,20.0,20.0,20.0,20.0,21.0,20.0,20.0,20.0,20.0,20.0,20.0,20.0,20.0,20.0,20.0,20.0,20.0,20.0,20.0,20.0,21.0,21.0,20.0,20.0,20.0,21.0,20.0,21.0,21.0,21.0,21.0,20.0,20.0,21.0,20.0,21.0,21.0,43,-1
22.0,21.01219512195122,21.0,21.0,21.036585365853657,21.0,22.0,22.0,22.0,21.597560975609756,21.0,21.0,21.0,21.0,21.0,21.51829268292683,21.0,21.0,21.0,21.0,21.0,21.0,21.0,21.0,21.0,21.0,21.0,21.0,21.0,21.0,21.0,21.0,21.085365853658537,21.0,21.0,21.0,21.45731707317073,21.170731707317074,21.304878048780488,22.0,22.0,22.0,21.0,21.0,21.378048780487806,21.0,21.975609756097562,22.0,44,-1
22.0,22.0,21.0,21.0,22.0,21.0,22.0,22.0,22.0,22.0,21.0,21.0,21.0,21.0,21.0,22.0,21.0,21.0,21.0,21.0,21.0,21.0,21.0,21.0,21.0,21.0,21.0,21.0,21.0,21.0,21.0,21.0,22.0,21.0,21.0,21.0,22.0,22.0,22.0,22.0,22.0,22.0,21.0,21.0,22.0,21.0,22.0,22.0,44,-1
22.0,21.0,21.0,21.0,21.0,21.0,22.0,22.0,22.0,21.0,21.0,21.0,21.0,21.0,21.0,21.0,21.0,21.0,21.0,21.0,21.0,21.0,21.0,21.0,21.0,21.0,21.0,21.0,21.0,21.0,21.0,21.0,21.0,21.0,21.0,21.0,21.0,21.0,21.0,22.0,22.0,22.0,21.0,21.0,21.0,21.0,21.0,22.0,44,-1
0.0,1.0,0.0,0.0,1.0,0.0,0.0,0.0,0.0,1.0,0.0,0.0,0.0,0.0,0.0,1.0,0.0,0.0,0.0,0.0,0.0,0.0,0.0,0.0,0.0,0.0,0.0,0.0,0.0,0.0,0.0,0.0,1.0,0.0,0.0,0.0,1.0,1.0,1.0,0.0,0.0,0.0,0.0,0.0,1.0,0.0,1.0,0.0,44,-1
0.0,0.03680981595092024,0.0,0.0,0.03680981595092024,0.0,0.0,0.0,0.0,0.03680981595092024,0.0,0.0,0.0,0.0,0.0,0.03680981595092024,0.0,0.0,0.0,0.0,0.0,0.0,0.0,0.0,0.0,0.0,0.0,0.0,0.0,0.0,0.0,0.0,0.03680981595092024,0.0,0.0,0.0,0.03680981595092024,0.03680981595092024,0.03680981595092024,0.0,0.0,0.0,0.0,0.0,0.03680981595092024,0.0,0.03680981595092024,0.0,44,-1
22.0,21.0,21.0,21.0,21.0,21.0,22.0,22.0,22.0,21.0,21.0,21.0,21.0,21.0,21.0,21.0,21.0,21.0,21.0,21.0,21.0,21.0,21.0,21.0,21.0,21.0,21.0,21.0,21.0,21.0,21.0,21.0,21.0,21.0,21.0,21.0,21.0,21.0,21.0,22.0,22.0,22.0,21.0,21.0,21.0,21.0,21.0,22.0,44,-1
22.0,22.0,21.0,21.0,22.0,22.0,22.0,22.0,22.0,22.0,22.0,21.0,22.0,21.0,21.0,22.0,21.0,21.0,21.0,21.0,21.0,21.0,22.0,21.0,22.0,21.0,21.0,21.0,22.0,21.0,21.0,22.0,22.0,22.0,21.0,22.0,22.0,22.0,22.0,22.0,23.0,22.0,22.0,22.0,22.0,22.0,22.0,22.0,45,-1
22.0,22.0,21.0,21.0,22.0,22.0,22.0,22.0,22.0,22.0,22.0,21.0,22.0,21.0,21.0,22.0,21.0,21.0,21.0,21.0,21.0,21.0,22.0,21.0,22.0,21.0,21.0,21.0,22.0,21.0,21.0,22.0,22.0,22.0,21.0,22.0,22.0,22.0,22.0,22.0,23.0,22.0,22.0,22.0,22.0,22.0,22.0,22.0,45,-1
22.0,22.0,21.0,21.0,22.0,22.0,22.0,22.0,22.0,22.0,22.0,21.0,22.0,21.0,21.0,22.0,21.0,21.0,21.0,21.0,21.0,21.0,22.0,21.0,22.0,21.0,21.0,21.0,22.0,21.0,21.0,22.0,22.0,22.0,21.0,22.0,22.0,22.0,22.0,22.0,23.0,22.0,22.0,22.0,22.0,22.0,22.0,22.0,45,-1
0.0,0.0,0.0,0.0,0.0,0.0,0.0,0.0,0.0,0.0,0.0,0.0,0.0,0.0,0.0,0.0,0.0,0.0,0.0,0.0,0.0,0.0,0.0,0.0,0.0,0.0,0.0,0.0,0.0,0.0,0.0,0.0,0.0,0.0,0.0,0.0,0.0,0.0,0.0,0.0,0.0,0.0,0.0,0.0,0.0,0.0,0.0,0.0,45,-1
0.0,0.0,0.0,0.0,0.0,0.0,0.0,0.0,0.0,0.0,0.0,0.0,0.0,0.0,0.0,0.0,0.0,0.0,0.0,0.0,0.0,0.0,0.0,0.0,0.0,0.0,0.0,0.0,0.0,0.0,0.0,0.0,0.0,0.0,0.0,0.0,0.0,0.0,0.0,0.0,0.0,0.0,0.0,0.0,0.0,0.0,0.0,0.0,45,-1
22.0,22.0,21.0,21.0,22.0,22.0,22.0,22.0,22.0,22.0,22.0,21.0,22.0,21.0,21.0,22.0,21.0,21.0,21.0,21.0,21.0,21.0,22.0,21.0,22.0,21.0,21.0,21.0,22.0,21.0,21.0,22.0,22.0,22.0,21.0,22.0,22.0,22.0,22.0,22.0,23.0,22.0,22.0,22.0,22.0,22.0,22.0,22.0,45,-1
22.0,22.0,22.0,21.050632911392405,22.0,22.0,22.59493670886076,22.0,22.0,22.0,22.0,22.0,22.0,22.0,22.0,22.0,22.0,22.0,22.0,21.0,22.0,21.759493670886076,22.0,21.658227848101266,22.0,21.0,21.0,21.0,22.0,21.468354430379748,22.0,22.0,22.0,22.0,22.0,22.0,22.0,22.0,22.0,22.0,23.0,22.0,22.0,22.0,22.0,22.0,22.0,23.0,46,-1
22.0,22.0,22.0,22.0,22.0,22.0,23.0,22.0,22.0,22.0,22.0,22.0,22.0,22.0,22.0,22.0,22.0,22.0,22.0,21.0,22.0,22.0,22.0,22.0,22.0,21.0,21.0,21.0,22.0,22.0,22.0,22.0,22.0,22.0,22.0,22.0,22.0,22.0,22.0,22.0,23.0,22.0,22.0,22.0,22.0,22.0,22.0,23.0,46,-1
22.0,22.0,22.0,21.0,22.0,22.0,22.0,22.0,22.0,22.0,22.0,22.0,22.0,22.0,22.0,22.0,22.0,22.0,22.0,21.0,22.0,21.0,22.0,21.0,22.0,21.0,21.0,21.0,22.0,21.0,22.0,22.0,22.0,22.0,22.0,22.0,22.0,22.0,22.0,22.0,23.0,22.0,22.0,22.0,22.0,22.0,22.0,23.0,46,-1
0.0,0.0,0.0,1.0,0.0,0.0,1.0,0.0,0.0,0.0,0.0,0.0,0.0,0.0,0.0,0.0,0.0,0.0,0.0,0.0,0.0,1.0,0.0,1.0,0.0,0.0,0.0,0.0,0.0,1.0,0.0,0.0,0.0,0.0,0.0,0.0,0.0,0.0,0.0,0.0,0.0,0.0,0.0,0.0,0.0,0.0,0.0,0.0,46,-1
0.0,0.0,0.0,0.07692307692307693,0.0,0.0,0.07692307692307693,0.0,0.0,0.0,0.0,0.0,0.0,0.0,0.0,0.0,0.0,0.0,0.0,0.0,0.0,0.07692307692307693,0.0,0.07692307692307693,0.0,0.0,0.0,0.0,0.0,0.07692307692307693,0.0,0.0,0.0,0.0,0.0,0.0,0.0,0.0,0.0,0.0,0.0,0.0,0.0,0.0,0.0,0.0,0.0,0.0,46,-1
22.0,22.0,22.0,21.0,22.0,22.0,22.0,22.0,22.0,22.0,22.0,22.0,22.0,22.0,22.0,22.0,22.0,22.0,22.0,21.0,22.0,21.0,22.0,21.0,22.0,21.0,21.0,21.0,22.0,21.0,22.0,22.0,22.0,22.0,22.0,22.0,22.0,22.0,22.0,22.0,23.0,22.0,22.0,22.0,22.0,22.0,22.0,23.0,46,-1
22.976190476190474,22.0,22.0,22.0,22.0,22.0,23.0,22.0,22.0,22.0,22.0,22.0,22.0,22.0,22.0,22.0,22.0,22.0,22.0,22.0,22.0,22.0,22.0,22.0,22.0,21.0,21.0,21.761904761904763,22.0,22.0,22.0,22.0,22.0,22.0,22.0,22.0,22.0,22.0,22.0,22.94047619047619,23.0,23.0,22.0,22.0,22.0,22.0,22.0,23.0,47,-1
23.0,22.0,22.0,22.0,22.0,22.0,23.0,22.0,22.0,22.0,22.0,22.0,22.0,22.0,22.0,22.0,22.0,22.0,22.0,22.0,22.0,22.0,22.0,22.0,22.0,21.0,21.0,22.0,22.0,22.0,22.0,22.0,22.0,22.0,22.0,22.0,22.0,22.0,22.0,23.0,23.0,23.0,22.0,22.0,22.0,22.0,22.0,23.0,47,-1
22.0,22.0,22.0,22.0,22.0,22.0,23.0,22.0,22.0,22.0,22.0,22.0,22.0,22.0,22.0,22.0,22.0,22.0,22.0,22.0,22.0,22.0,22.0,22.0,22.0,21.0,21.0,21.0,22.0,22.0,22.0,22.0,22.0,22.0,22.0,22.0,22.0,22.0,22.0,22.0,23.0,23.0,22.0,22.0,22.0,22.0,22.0,23.0,47,-1
1.0,0.0,0.0,0.0,0.0,0.0,0.0,0.0,0.0,0.0,0.0,0.0,0.0,0.0,0.0,0.0,0.0,0.0,0.0,0.0,0.0,0.0,0.0,0.0,0.0,0.0,0.0,1.0,0.0,0.0,0.0,0.0,0.0,0.0,0.0,0.0,0.0,0.0,0.0,1.0,0.0,0.0,0.0,0.0,0.0,0.0,0.0,0.0,47,-1
0.07228915662650602,0.0,0.0,0.0,0.0,0.0,0.0,0.0,0.0,0.0,0.0,0.0,0.0,0.0,0.0,0.0,0.0,0.0,0.0,0.0,0.0,0.0,0.0,0.0,0.0,0.0,0.0,0.07228915662650602,0.0,0.0,0.0,0.0,0.0,0.0,0.0,0.0,0.0,0.0,0.0,0.07228915662650602,0.0,0.0,0.0,0.0,0.0,0.0,0.0,0.0,47,-1
23.0,22.0,22.0,22.0,22.0,22.0,23.0,22.0,22.0,22.0,22.0,22.0,22.0,22.0,22.0,22.0,22.0,22.0,22.0,22.0,22.0,22.0,22.0,22.0,22.0,21.0,21.0,21.0,22.0,22.0,22.0,22.0,22.0,22.0,22.0,22.0,22.0,22.0,22.0,23.0,23.0,23.0,22.0,22.0,22.0,22.0,22.0,23.0,47,-1
18.93906633906634,18.65061425061425,18.73194103194103,18.547911547911546,18.767567567567568,18.624570024570026,18.84963144963145,18.72088452088452,18.742997542997543,18.626535626535627,18.64963144963145,18.635135135135137,18.740786240786242,18.602211302211302,18.44054054054054,18.87960687960688,18.464619164619165,18.55012285012285,18.714496314496316,18.38058968058968,18.624815724815726,18.5997542997543,18.68058968058968,18.514004914004914,18.80982800982801,18.36191646191646,18.414250614250616,18.546683046683047,18.917199017199017,18.61769041769042,18.716953316953315,18.85159705159705,18.733660933660932,18.602211302211302,18.686977886977886,18.91891891891892,18.94914004914005,18.884520884520885,18.72874692874693,18.84004914004914,19.19115479115479,19.02137592137592,18.78009828009828,18.70933660933661,18.924570024570023,18.656265356265358,18.70909090909091,18.957248157248156,48,-1
24.0,23.0,23.0,23.0,23.0,23.0,23.0,23.0,23.0,23.0,23.0,23.0,23.0,23.0,23.0,23.0,23.0,23.0,23.0,23.0,23.0,23.0,23.0,23.0,23.0,22.0,23.0,23.0,23.0,23.0,23.0,23.0,23.0,23.0,23.0,23.0,23.0,23.0,23.0,23.0,24.0,24.0,23.0,23.0,23.0,23.0,23.0,24.0,48,-1
13.0,13.0,13.0,13.0,13.0,13.0,13.0,13.0,13.0,13.0,13.0,13.0,13.0,13.0,13.0,13.0,13.0,13.0,13.0,13.0,13.0,13.0,13.0,13.0,13.0,13.0,13.0,13.0,13.0,13.0,13.0,13.0,13.0,13.0,13.0,13.0,13.0,13.0,13.0,13.0,13.0,13.0,13.0,13.0,13.0,13.0,13.0,13.0,48,-1
11.0,10.0,10.0,10.0,10.0,10.0,10.0,10.0,10.0,10.0,10.0,10.0,10.0,10.0,10.0,10.0,10.0,10.0,10.0,10.0,10.0,10.0,10.0,10.0,10.0,9.0,10.0,10.0,10.0,10.0,10.0,10.0,10.0,10.0,10.0,10.0,10.0,10.0,10.0,10.0,11.0,11.0,10.0,10.0,10.0,10.0,10.0,11.0,48,-1
0.0008097066653580499,0.0007360969685073181,0.0007360969685073181,0.0007360969685073181,0.0007360969685073181,0.0007360969685073181,0.0007360969685073181,0.0007360969685073181,0.0007360969685073181,0.0007360969685073181,0.0007360969685073181,0.0007360969685073181,0.0007360969685073181,0.0007360969685073181,0.0007360969685073181,0.0007360969685073181,0.0007360969685073181,0.0007360969685073181,0.0007360969685073181,0.0007360969685073181,0.0007360969685073181,0.0007360969685073181,0.0007360969685073181,0.0007360969685073181,0.0007360969685073181,0.0006624872716565862,0.0007360969685073181,0.0007360969685073181,0.0007360969685073181,0.0007360969685073181,0.0007360969685073181,0.0007360969685073181,0.0007360969685073181,0.0007360969685073181,0.0007360969685073181,0.0007360969685073181,0.0007360969685073181,0.0007360969685073181,0.0007360969685073181,0.0007360969685073181,0.0008097066653580499,0.0008097066653580499,0.0007360969685073181,0.0007360969685073181,0.0007360969685073181,0.0007360969685073181,0.0007360969685073181,0.0008097066653580499,48,-1
23.0,22.0,22.0,22.0,22.0,22.0,23.0,22.0,22.0,22.0,22.0,22.0,22.0,22.0,22.0,22.0,22.0,22.0,22.0,22.0,22.0,22.0,22.0,22.0,22.0,21.0,21.0,22.0,22.0,22.0,22.0,22.0,22.0,22.0,22.0,22.0,23.0,23.0,23.0,23.0,23.0,23.0,23.0,23.0,23.0,22.0,23.0,23.0,48,-1
