group,数据采集时间,部分区域容量,累计里程,安时容量,SOH1,SOH2,SOH,加权容量,平均容量
2,2022-01-01 12:48:36,20.557065972222215,312119.8,126.18385122410548,0.9724027666523098,0.9576451101817524,0.9626133085600647,141.2547598034955,141.83323209637277
3,2022-01-01 18:12:26,20.594089988425928,312301.6,123.70604166666666,0.9533081769285279,0.9593698635159434,0.9573291830370667,138.14272714951096,141.83323209637277
5,2022-01-02 02:46:21,20.812534722222225,312609.6,124.0841158059468,0.9562217061596396,0.9695460497210979,0.965060379370512,139.83401652823127,141.8801816698365
7,2022-01-02 23:44:03,20.790311053240753,313000.6,127.34558823529412,0.9813553883455238,0.9685107663806075,0.9728349373723533,144.11177830695905,141.8801816698365
9,2022-01-04 21:38:48,20.91424623842592,313521.8,128.09579986613116,0.9871366975885351,0.9742842519661682,0.9786110568098629,145.822878693667,141.8801816698365
18,2022-01-09 15:25:22,20.79423321759258,314909.1,125.8540811965812,0.9698614803941016,0.9686934792987804,0.9690866895052396,142.11492953715518,141.5401464989286
29,2022-01-12 21:16:11,20.551608796296296,316518.7,125.49153645833331,0.9670676244205557,0.9573908891830982,0.9606485839539455,140.2961406850403,140.2572266620194
32,2022-01-13 16:05:02,20.710542534722222,316863.5,123.992037037037,0.9555121252681925,0.9647947724829893,0.9616697483349474,139.15609328019139,140.2572266620194
33,2022-01-14 01:53:55,20.786589988425927,317053.2,123.89925665101724,0.9547971375484371,0.9683374216275478,0.9637790544140317,139.44518846125612,140.2572266620194
36,2022-01-15 19:20:50,20.956963686342586,317658.1,122.7128144654088,0.9456541319057447,0.9762742322081014,0.9659659062913523,138.78010745903404,140.71255874327426
41,2022-01-17 01:46:46,20.83463252314814,318532.3,126.25868055555554,0.9729794192764206,0.9705754695337827,0.9713847646435277,142.88420330559333,140.72186078238767
42,2022-01-17 16:03:07,20.86276765046295,318738.1,125.1875,0.964724647166506,0.9718861364905251,0.9694752049366652,141.59211316148736,141.1133855635404
44,2022-01-18 02:49:29,20.761387442129642,319004.6,122.76157407407406,0.9460298850461586,0.9671633681289902,0.9600487333230041,137.78903740639763,140.72630697906692
47,2022-01-19 20:13:40,20.8910546875,319740.9,129.00190058479532,0.9941193252159788,0.9732038801187581,0.980245111944489,146.93183672058143,140.63692518009822
49,2022-01-20 13:52:03,20.641736111111094,319928.5,124.5577380952381,0.9598715521580559,0.9615894446794335,0.9610111122825622,139.53830820988682,140.63692518009822
52,2022-01-21 01:43:35,20.85122251157407,320313.5,127.09192251461988,0.979400579975074,0.971348309457317,0.9740591245117172,144.10537032172448,140.6938599682575
53,2022-01-21 14:52:40,20.317369791666646,320519.1,124.29203703703703,0.9578239966143731,0.9464789313336398,0.9502982731811775,137.4220695950715,140.6938599682575
56,2022-01-22 22:55:54,21.08355179398148,321191.9,127.10998877665544,0.9795398028868493,0.9821713034366198,0.9812854028337714,145.42015815622028,140.47482563452394
57,2022-01-23 03:30:56,20.517453703703705,321313.1,122.4642857142857,0.943738910244333,0.9557997838447538,0.9517394635098696,136.0813639653852,140.57612217645746
59,2022-01-24 00:26:22,20.88818576388888,321733.2,121.2518656716418,0.9343957130572558,0.9730702321229117,0.9600503679400494,136.46160867969877,140.9357561424204
64,2022-01-25 10:26:07,20.54042968749999,322438.3,124.87207264957264,0.9622938889889906,0.9568701135583355,0.9586960398056819,139.40639012878597,140.60640599906233
73,2022-01-28 15:37:26,20.837035590277768,323811.2,126.04250334672024,0.971313506293742,0.9706874157370607,0.9708981905368799,142.60507858082258,139.9415321698779
74,2022-01-28 20:39:17,20.60026331018518,323970.7,127.06352459016392,0.9791817388156049,0.9596574459659056,0.9662303432458426,142.6772324679356,140.49298477051974
75,2022-01-29 01:49:44,20.598978587962957,324131.5,124.81091269841266,0.9618225758602554,0.9595975975441651,0.9603466415189882,139.643900740512,140.54718728770013
76,2022-01-29 12:18:32,20.688278356481472,324270.2,126.37988683127573,0.9739134636624697,0.9637576020301007,0.9671765957838152,142.2408873544668,140.62852568357306
92,2022-02-11 18:21:04,20.66832609953703,326215.2,125.10445205479448,0.96408465995024,0.9628281317775971,0.9632511448245591,140.41579544141632,140.96266764717762
93,2022-02-12 04:08:22,20.95615162037037,326556.2,124.31458333333336,0.9579977437356064,0.9762364023442245,0.9700963167349201,140.92660490796283,140.58967034113286
94,2022-02-12 14:21:50,20.577724247685193,326676.4,122.99756944444444,0.9478485214947936,0.9586074701074656,0.9549854457598693,137.11231584668258,140.70789154121044
98,2022-02-14 02:03:14,21.15379629629629,327417.4,126.263671875,0.9730178835710982,0.9854436237302758,0.981260470244401,144.65493414000522,140.23816431015936
100,2022-02-14 14:46:00,20.7587673611111,327557.1,124.38262527233115,0.9585220910992982,0.9670413123950116,0.9641732973066885,139.94145511107072,140.23816431015936
101,2022-02-14 19:23:30,20.794036458333323,327716.8,124.16037735849058,0.9568093958201103,0.9686843133242796,0.9646865955291467,139.83557997187495,140.23816431015936
106,2022-02-17 03:17:40,20.592560763888873,328512.0,125.50287940379408,0.9671550358558625,0.9592986250229474,0.9619435034721318,140.53555955620416,140.23816431015936
111,2022-02-19 10:32:56,20.864140625,329240.7,122.86585794655414,0.9468335213683433,0.9719500961214175,0.963494544509552,138.48306950605811,141.33059711412417
128,2022-02-24 01:04:00,21.01734085648147,331053.4,126.3814236111111,0.973925306453359,0.9790868856202295,0.9773492283372092,144.06006871025966,141.13350032390937
132,2022-02-25 03:25:10,20.753671875000002,331730.3,125.78854166666667,0.9693564171899298,0.96680394061419,0.9676632376177197,141.80351280339642,141.41908347462694
133,2022-02-25 17:05:39,20.784800347222205,331911.7,123.9507297551789,0.9551938015304714,0.9682540516977125,0.963857288984697,139.50439566426334,141.90841913605507
138,2022-02-28 00:13:24,20.698185040509262,332847.9,126.18494572158365,0.9724112011101707,0.9642191021065293,0.9669769907364798,142.03260777428147,140.26898873380395
139,2022-02-28 08:50:01,20.51904600694444,332962.8,126.08811728395062,0.9716650181419733,0.9558739608413387,0.9611900559428455,140.91734748519733,140.26898873380395
145,2022-03-02 19:49:15,20.715020254629632,333990.5,126.93077601410934,0.9781587467181821,0.9650033657997539,0.9694321544949922,143.13258237893228,139.65472906354196
149,2022-03-03 23:31:37,19.798680555555553,334596.8,125.47849462365592,0.9669671209409147,0.9223159398183676,0.9373478607798933,136.1752493743797,139.38629193455338
150,2022-03-04 03:25:53,19.87655381944444,334703.4,126.00490196078432,0.9710237410713356,0.9259436438145436,0.9411199603612923,137.2919498813365,139.5793242895802
152,2022-03-04 21:10:31,20.647612847222216,334979.3,126.02156432748538,0.971152145231788,0.9618632107707742,0.9649903515344537,141.53434084109014,139.5793242895802
154,2022-03-05 09:59:32,20.109755497685185,335139.3,124.24614197530862,0.9574703183539028,0.9368072781072582,0.9437635372700319,136.2378324249027,139.5793242895802
157,2022-03-06 01:53:37,19.923849826388892,335581.1,125.16049382716052,0.9645165311759807,0.9281469149351733,0.9403908283768442,136.43598611287206,139.15137431472144
158,2022-03-06 05:36:58,20.385561342592585,335712.4,124.93373842592592,0.962769100126961,0.9496556154668802,0.9540702996921308,138.64482788120102,139.15137431472144
162,2022-03-07 03:20:52,20.851287615740738,336253.0,125.64477124183006,0.96824848810457,0.9713513423165269,0.9703067594388364,142.14611614065058,138.45318556631054
166,2022-03-09 03:11:13,20.700261284722213,336872.0,123.69272660818712,0.9532055679212892,0.9643158233565736,0.960575530773782,138.70037098524367,138.3983296772279
168,2022-03-09 19:13:13,20.710950520833325,337158.9,125.88798076923078,0.970122718562956,0.9648137784007037,0.9666010450956075,141.70268019487514,138.71269840443907
172,2022-03-11 14:16:56,20.280743634259263,337750.1,125.37681023720349,0.9661835168762704,0.9447727121390659,0.9519807079062774,138.66318124645184,138.6793148302754
176,2022-03-12 22:08:22,20.07672164351852,338337.0,123.11519607843138,0.9487549803103338,0.9352684053441941,0.9398086912635364,134.57300879378172,138.90709639692312
177,2022-03-13 01:23:12,20.21377025462962,338445.5,122.33055555555558,0.942708353837372,0.9416527761714847,0.9420081387765371,134.27791504960885,139.31564254288324
179,2022-03-13 14:13:54,20.479567418981464,338689.9,124.68749999999996,0.960871528256205,0.95403486197525,0.9563364411181083,138.8285566230212,139.31564254288324
180,2022-03-14 00:26:54,20.88630931712963,338956.8,125.66394927536231,0.968396278591901,0.9729828183807978,0.9714387494029949,142.3645999317759,139.3008277730457
183,2022-03-15 23:18:14,20.720410590277776,339409.6,125.01192307692308,0.9633716096414658,0.9652544730629528,0.9646206028400026,140.5764115553357,139.36087345182585
186,2022-03-17 03:13:02,20.443219039351856,339955.2,123.6396103896104,0.952796241708806,0.9523415829799713,0.952494644867798,137.2381234484869,139.7949975576272
190,2022-03-20 00:28:05,20.728703125,340857.0,127.07325925925926,0.9792567564907584,0.9656407784500386,0.9702246282066717,143.40110400248443,140.35200403903156
193,2022-03-21 03:55:07,20.43844907407407,341263.3,127.21217948717953,0.9803273088052041,0.952119375495198,0.9616156399465292,141.98315367243717,141.04268916679817
197,2022-03-23 02:37:26,20.934325810185182,341950.0,123.12517580872012,0.9488318864853242,0.975219653143349,0.9663361519059247,139.20990443989828,140.3514638097819
199,2022-03-24 02:43:22,21.264179687500004,342294.1,127.25823643410853,0.9806822345915298,0.9905858028220954,0.9872517442118571,146.62901437061726,140.75227127748533
200,2022-03-25 19:38:14,20.714195601851852,342473.5,121.43756410256412,0.9358267493288557,0.964964949583096,0.9551555086641486,135.77703634797527,141.0717392619397
203,2022-03-28 14:41:43,21.1420546875,342885.4,124.60179398148148,0.9602110572948448,0.984896644201941,0.9765861856217319,142.33142924947157,141.40598308956507
204,2022-03-29 02:04:42,21.00816406249999,343154.9,127.17696629213484,0.9800559475497665,0.9786593872653871,0.9791295424390024,145.0924388803975,141.0729645340481
205,2022-03-29 20:54:50,20.56957320601852,343338.8,122.8453196347032,0.9466752482527864,0.9582277561343955,0.9543385782668014,136.86636493590004,140.9536771547452
211,2022-03-31 14:42:50,20.070872395833334,344050.9,121.77836934156376,0.9384530755510937,0.9349959197934092,0.936159779086595,132.7935548084827,140.63517658346913
212,2022-04-01 01:31:36,20.748868634259257,344287.6,126.35694444444444,0.9737366641733756,0.9665801830013762,0.9689894285495487,142.54397775144983,140.23366741847573
213,2022-04-01 15:32:22,20.813307291666657,344514.4,128.0234833971903,0.9865794096805307,0.9695820396503873,0.9753042426565224,145.16115342222298,140.30679334551698
218,2022-04-03 01:52:19,21.102941261574077,345226.6,126.78387533875345,0.9770266951778827,0.9830745563061767,0.9810385301993356,145.08266519344403,140.4117454924144
219,2022-04-03 16:06:19,19.944693287037037,345426.4,125.5607085346216,0.967600680890978,0.9291179016604159,0.9420732161947842,137.07674186784436,139.67787896043174
220,2022-04-04 01:59:27,20.444019097222213,345673.3,125.26339285714286,0.9653094955725338,0.9523788534498158,0.9567319833219463,139.40294122380757,139.59205471175665
225,2022-04-07 00:16:43,20.32012297453704,346223.8,126.43541666666664,0.9743413897801309,0.9466071875797807,0.9559439693832101,140.2900730935873,139.16515730735676
227,2022-04-08 03:32:33,20.77348379629629,346613.7,123.95148669796556,0.9551996347116021,0.9677268733701744,0.9635095501852624,139.44389122150162,139.62027177156202
229,2022-04-08 14:39:50,19.34256076388888,346785.3,127.08796296296296,0.9793700667283428,0.901067728194348,0.9274283872934926,135.80382447053572,139.4775391869731
231,2022-04-09 01:30:52,20.721911168981478,347121.7,123.59241452991454,0.9524325391898419,0.9653243770978955,0.9609843107522642,138.68380281343136,138.80445820237875
232,2022-04-09 16:29:38,20.882505787037037,347378.1,126.39274691358024,0.9740125665151008,0.9728056320060727,0.9732119492341804,143.33003575472424,138.80445820237875
233,2022-04-10 00:57:46,20.75968460648148,347619.4,126.11231138545952,0.9718514636420567,0.9670840420114347,0.9686890052697434,142.27328769941508,138.66329790370463
235,2022-04-10 14:51:48,19.538276909722214,347796.4,122.8289800995025,0.9465493319086516,0.9101851095509176,0.9224272071296706,131.32343126973117,138.16950041987855
236,2022-04-11 01:32:24,20.75136574074074,348073.1,127.27876984126983,0.9808404699103821,0.9666965100012909,0.9714581060462628,143.8050751502715,138.26056363254807
237,2022-04-11 12:42:05,19.57379774305554,348229.0,122.015873015873,0.9402833353485873,0.9118398375357967,0.9214154053089701,130.4629038699018,138.15671112425173
243,2022-04-14 02:50:00,20.549431423611104,349139.6,123.38888888888889,0.950864122197508,0.9572894568917472,0.9551263534564749,137.47928300272818,139.0715224718568
246,2022-04-15 16:15:08,20.215665509259257,349879.4,124.25947971781304,0.9575731021696318,0.9417410660729266,0.9470709567786737,136.82821402094118,138.9384334824165
255,2022-04-18 21:42:38,20.79426359953702,351131.9,125.91161616161617,0.9703048585176609,0.9686948946330781,0.9692368926106353,142.19275102740963,140.25327280580763
256,2022-04-19 14:18:20,20.971022858796292,351304.5,125.70855734767024,0.9687400390058244,0.9769291747846192,0.9741722837310053,142.89118162643868,140.25327280580763
257,2022-04-19 21:01:51,20.76723090277778,351542.9,127.1986780455154,0.9802232634848194,0.9674355840922891,0.9717405852384465,143.78447895675308,140.25327280580763
260,2022-04-20 22:43:20,20.519049479166664,351941.6,124.16252072968491,0.9568259131482716,0.95587412259383,0.9561945450334297,138.34372820057504,140.80807076642353
279,2022-04-29 11:49:32,20.079973958333337,354827.5,123.67476851851852,0.9530671786114994,0.9354199135109427,0.9413609051602029,135.32509449908113,138.22272624475426
280,2022-04-29 20:43:38,20.656889467592574,355034.4,123.7058933933934,0.9533070342994215,0.9622953595097377,0.9592694195291773,138.48280291667467,138.22272624475426
281,2022-04-30 04:31:10,20.342758969907393,355279.1,124.20169082125604,0.9571277671893734,0.9476616790285997,0.950848458985373,137.43986733881636,138.22272624475426
284,2022-05-01 00:02:24,20.325706018518524,355666.1,126.21011396011396,0.9726051535418108,0.946867272106241,0.9555319880158777,140.01966337971945,138.22272624475426
291,2022-05-03 23:35:49,20.77809172453704,356800.7,125.5682057057057,0.9676584558743337,0.9679415324053589,0.9678462340519122,141.64071283530146,138.60138101517975
292,2022-05-04 10:35:08,20.082585358796305,356988.0,124.50198412698413,0.9594418988192486,0.9355415648636924,0.9435876662644138,136.42821649893253,138.68227929697662
298,2022-05-06 14:34:00,20.466299189814805,358241.4,125.45731707317071,0.966803921700418,0.9534167652682884,0.9579235817136376,139.7836731472455,138.55559564411863
302,2022-05-08 03:45:59,20.643172743055548,358947.2,123.58333333333331,0.9523625573292914,0.9616563697726641,0.9585275868252077,138.24508482563218,138.53067313220166
303,2022-05-08 16:30:43,20.320460069444444,359099.9,126.2523540489642,0.972930665712054,0.9466228910508003,0.9554794628018642,140.0473136952146,138.53067313220166
304,2022-05-09 16:09:29,20.3432986111111,359344.1,125.6814024390244,0.9685307768218029,0.9476868180616056,0.9547039838505387,139.4103638331483,138.18979911347802
306,2022-05-10 02:17:30,20.703932291666668,359656.4,125.22966666666667,0.9650495935279413,0.9644868361778852,0.9646762897106673,140.7786827872495,138.34152610736234
307,2022-05-10 15:05:30,20.433637152777766,359865.4,125.3299315619968,0.9658222586564129,0.9518952135011559,0.9565837847043868,139.435066233197,138.34152610736234
309,2022-05-11 00:33:02,19.830834780092584,360163.1,122.1683201058201,0.9414581288787782,0.9238138352836631,0.9297538265689058,132.02425762472805,138.24333147456736
312,2022-05-12 02:35:44,20.046684027777786,360651.2,126.37579787234044,0.9738819531724757,0.9338691115016534,0.9473395250119048,138.71180445432222,137.87762631727443
313,2022-05-13 15:31:48,19.89078125,360730.5,126.18429487179488,0.9724061855069128,0.9266064246471971,0.9420250175711002,137.6063761503336,137.87762631727443
316,2022-05-14 01:39:31,20.511734664351845,361108.0,124.12683438155138,0.9565509056626058,0.9555333640123884,0.955875921706868,138.2565255011152,137.8401298583043
321,2022-05-16 19:51:19,20.24735387731481,361771.0,124.67525252525252,0.9607771463030994,0.9432172597456544,0.9491288352110474,137.55022461061782,137.30852377064693
322,2022-05-17 01:25:17,20.3874537037037,361912.5,124.62841130604288,0.960416176728063,0.9497437705745791,0.9533366602078495,138.24894042554413,137.46043498383304
326,2022-05-18 14:13:35,20.25081886574074,362549.6,124.29462826797386,0.9578439652562204,0.9433786752524884,0.9482484477994871,137.06499588102773,137.15261212364828
327,2022-05-18 21:31:12,19.788077256944437,362744.6,125.49426328502416,0.9670886379955309,0.9218219881483941,0.9370611080459776,136.13843100777015,137.4763895059803
328,2022-05-19 01:33:52,19.821759259259252,362834.4,124.38271604938274,0.9585227906488464,0.9233910547098139,0.9352182329523633,134.86265458197084,137.4763895059803
331,2022-05-20 01:24:35,20.26256655092592,363253.6,125.87071330589848,0.9699896513839587,0.943925937847683,0.9527003458698552,139.22122626269294,137.33890864423367
334,2022-05-21 01:01:31,19.742287326388887,363668.3,125.76262626262624,0.9691567069231772,0.9196888771708189,0.9363423337711005,136.24241036510074,136.86618012676686
338,2022-05-22 02:35:09,20.43247540509259,364138.9,121.28767056530216,0.9346716340829438,0.9518410938134788,0.9460609564210736,134.0758968408858,136.89064531244398
339,2022-05-22 16:37:32,20.578865740740746,364377.0,126.41768292682929,0.9742047293634956,0.9586606462389443,0.963893596926326,141.6890320309398,136.84667335923234
340,2022-05-23 01:31:13,20.484256365740737,364589.0,124.60850694444444,0.9602627889839183,0.9542532952352293,0.9562764048770807,138.74878607194506,136.89150523291724
341,2022-05-23 15:14:54,20.474596354166664,364773.6,123.21727150537636,0.9495415978260111,0.9538032863253629,0.9523685792678032,136.8476200457299,136.89150523291724
343,2022-05-24 01:20:23,19.955513599537024,365114.0,125.36769005847952,0.9661132346100572,0.9296219628610878,0.9419068319043183,136.88091835970843,136.62189902168777
346,2022-05-26 00:33:55,20.17035300925925,365521.2,124.5123106060606,0.9595214771228613,0.9396301960628897,0.9463266407525912,136.9170590342228,136.43162239099985
349,2022-05-27 03:59:34,20.03838541666666,365872.1,121.0232905982906,0.93263425918215,0.9334825230477073,0.933196953101717,131.6383262565797,136.2323649715932
352,2022-05-28 02:05:11,19.64891782407406,366295.9,125.09517973856208,0.9640132052762053,0.9153392852858331,0.9317254703718405,134.86176238509472,136.2948341516658
354,2022-05-29 01:46:36,20.235188946759248,366617.7,126.0138138138138,0.971092417930203,0.9426505598927679,0.9522255756318648,139.26204083927286,135.98696756851604
357,2022-05-30 04:47:42,20.247158564814814,367081.9,125.70874792703152,0.9687415076557062,0.9432081611680251,0.9518040199255499,138.92141853081702,136.032180020029
359,2022-05-30 16:40:20,19.879677372685183,367297.4,123.87184343434345,0.9545858847813212,0.9260891536597439,0.9356826425465383,134.50580285880426,135.483693919495
360,2022-05-31 03:42:12,20.32246383101851,367428.6,122.5414562289562,0.9443336045831222,0.9467162357175911,0.9459141175654306,135.1369988754692,135.483693919495
364,2022-06-01 17:21:01,19.786520833333334,367940.2,121.9649237472767,0.9398907081679985,0.9217494825942184,0.9278567671523097,131.52503710773462,135.5356843781533
369,2022-06-03 08:40:42,20.126769386574058,368619.0,124.84231902356905,0.9620646004709816,0.9375998653140911,0.9458359736538398,137.1169788861173,136.07837309467686
371,2022-06-04 13:29:36,19.92809751157407,368857.3,121.50281803542671,0.9363296116542243,0.9283447921493961,0.931032899667968,131.67683540441962,136.76818029015922
373,2022-06-05 00:44:57,20.429781539351833,369212.5,126.0758267195767,0.9715703041299584,0.9517156008390627,0.9583997315402006,140.41093562449092,137.05027599077047
377,2022-06-06 01:39:15,19.881561053240738,369735.0,122.2758620689655,0.9422868728224709,0.9261769043862147,0.9316003616417317,132.433906790704,137.26763022910015
379,2022-06-06 23:34:26,20.308326099537023,370070.7,124.43064692982456,0.9588921574124819,0.9460576334909601,0.9503784049535924,137.5567943222657,137.75687610149285
384,2022-06-08 16:07:53,20.64131076388887,370826.4,124.5547288359788,0.95984836209054,0.9615696299992628,0.960990161270619,139.53196551093203,139.26531954825214
387,2022-06-10 09:08:09,20.78428096064813,371284.7,126.6527777777778,0.9760164261953036,0.9682298562209051,0.970851222587347,143.1394487308833,139.46062324480985
388,2022-06-10 16:12:20,20.438573495370367,371509.2,127.70502645502648,0.9841253047485949,0.9521251716261322,0.9628980887083247,142.6471892466078,140.1710745985208
389,2022-06-11 01:08:47,20.355108506944443,371756.7,127.21717171717172,0.9803657801167791,0.948236978722268,0.9590532122688196,141.529669390773,140.2254100758851
394,2022-06-12 16:50:22,20.487455150462957,372606.1,127.25787037037038,0.9806794136173062,0.9544023097177384,0.9632485560876165,142.3154714766376,140.8290044051835
396,2022-06-13 17:39:55,20.543444733796278,372909.0,125.17013888888889,0.9645908583154538,0.9570105686381856,0.9595624902767518,139.8212891681335,140.07212836424267
397,2022-06-14 01:53:46,20.42906394675926,373158.3,128.00839438339435,0.9864631301517408,0.9516821719908843,0.9633912601022426,143.00335002706083,139.88462624227213
403,2022-06-16 12:04:09,20.786757812499996,373875.2,123.93338041431264,0.9550601033837254,0.9683452396646217,0.9638727685335795,139.49180029524018,139.8221398554161
404,2022-06-16 18:48:30,20.576208043981474,374063.7,125.92227095516569,0.9703869668906829,0.9585368381863116,0.9625262107760115,141.0086258754982,139.604828363786
408,2022-06-17 16:04:19,20.66768663194443,374409.4,124.06076388888889,0.9560417507332244,0.9627983423604691,0.9605237205306166,139.01510976090208,139.4444249448704
409,2022-06-18 00:38:18,20.362051504629623,374623.7,123.25411522633746,0.9498255243019332,0.9485604163077775,0.9489863177710278,136.28977723841044,139.4444249448704
410,2022-06-18 14:04:50,20.577986111111116,374818.3,126.76695736434108,0.9768963212436181,0.958619668941176,0.9647725452133082,142.15435614112306,139.4444249448704
412,2022-06-19 01:48:12,20.525299479166666,375106.4,123.29996141975307,0.9501788259715632,0.956165277077973,0.9541499247936827,137.23086187013607,139.18342071470974
413,2022-06-20 09:19:43,20.29216435185185,375213.7,121.67056530214424,0.9376223119853054,0.9453047430413398,0.9427184352769442,133.83088236705905,139.18342071470974
415,2022-06-21 01:38:40,20.232186053240728,375610.1,124.51793981481484,0.9595648571442633,0.9425106709466365,0.948252001243864,137.2595965346849,139.16279800185742
419,2022-06-22 01:39:23,20.324486400462966,376035.0,127.62798874824192,0.9835316338589594,0.9468104565437102,0.959172723815029,141.91197858355866,138.70560184480934
433,2022-06-26 15:13:59,20.31789496527777,377849.7,125.92361111111111,0.9703972944511151,0.9465033963979329,0.9545473311375857,139.59443932675802,139.58298252356127
435,2022-06-27 02:08:36,20.711420717592585,378179.9,123.10300925925924,0.9486610657835166,0.9648356823838858,0.9593904611779243,137.97419229953215,139.5684779329382
439,2022-07-04 01:34:15,20.544816261574066,378775.5,128.07274305555552,0.9869590163228547,0.9570744608722064,0.9671351639535328,143.733267596546,139.36622622323583
442,2022-07-05 16:55:38,20.627311197916665,379063.5,122.5011153198653,0.9440227279437684,0.9609174641738446,0.9552298130682821,136.72054010733822,139.27199985995574
444,2022-07-06 05:58:08,20.71424045138889,379341.2,125.37380952380954,0.9661603926652252,0.9649670388861071,0.9653687841308212,141.02884318059995,139.27199985995574
446,2022-07-07 01:57:28,20.54796730324074,379764.2,122.98161764705884,0.9477255931504741,0.9572212512579621,0.9540245165118493,136.93074288735596,139.37693502998079
448,2022-07-08 04:02:22,20.439903067129634,380121.9,126.54356060606064,0.9751747726959578,0.9521871093508844,0.9599259581294852,141.09324219567756,139.37216264203698
451,2022-07-09 01:40:14,19.81948350694444,380622.1,126.1171875,0.971889040140346,0.9232850394312129,0.9396476860332911,137.12905521907703,138.57541676468637
454,2022-07-10 03:06:42,20.356073495370374,380983.2,126.13940329218104,0.9720602403182662,0.948281932435445,0.9562869534832062,140.0917131962373,138.516406709783
457,2022-07-11 06:36:29,20.41530295138888,381468.0,124.64618518518516,0.960553146467728,0.9510411199095472,0.9542433651315512,138.423962590435,137.73851607593738
459,2022-07-13 16:46:36,20.46179832175925,381846.8,127.21404320987652,0.9803416710955388,0.9532070936015827,0.9623420103934607,142.11466622610047,137.78255274578552
461,2022-07-14 02:09:19,20.17755063657407,382113.8,125.06582952815828,0.9637870255747488,0.9399654954977537,0.9479850673947932,137.68855553411134,137.53975600527332
467,2022-07-15 08:28:40,20.42807725694444,382579.4,125.26262626262628,0.965303588012877,0.9516362073246374,0.9562373618986417,139.31489398671147,137.606640943536
468,2022-07-15 15:06:51,19.94561313657407,382748.3,123.51795033670034,0.9518587004078142,0.9291607525912069,0.9368020679828795,134.39696294195656,137.03973556516945
471,2022-07-16 06:59:20,19.147340856481478,383022.5,126.06696428571428,0.9715020081069453,0.8919734639646446,0.9187469279509891,133.4151967439299,137.2009597610227
474,2022-07-17 00:02:00,20.22674045138889,383374.5,124.4559620596206,0.9590872418231495,0.9422569891229532,0.9479229317025573,137.14805153088506,137.60235047407997
477,2022-07-18 09:34:30,20.086707175925927,383725.7,121.75154320987656,0.9382463470005054,0.9357335785501095,0.9365795077235686,132.84279872270716,137.43639295926948
481,2022-07-19 06:34:54,20.243982928240737,384188.6,126.9679292929293,0.9784450587205838,0.9430602250354568,0.9549726092058045,140.5833439200266,137.8523802275992
482,2022-07-19 18:14:38,19.784590567129616,384391.5,124.16940789473684,0.9568789872800715,0.9216595616884901,0.9335162608506014,134.3833983786148,137.5682278276991
483,2022-07-20 02:12:13,20.395478877314808,384639.3,128.96726190476193,0.9938523913098497,0.9501176210198433,0.964841030205046,144.11130069042815,137.55963299152683
486,2022-07-21 02:20:06,19.883113425925924,384956.0,121.444234006734,0.9358781491966294,0.9262492212291512,0.9294908215745958,131.36247227614143,137.55963299152683
487,2022-07-21 12:35:47,19.686631944444446,385108.6,123.19580610021788,0.9493761803089443,0.9170961869276486,0.927963319597991,132.58966152017916,137.42461291497415
488,2022-07-22 01:06:18,20.408806423611114,385355.1,125.56959378733572,0.9676691527614891,0.9507384809985302,0.9564382298823917,139.61932269882135,137.6769170793923
489,2022-07-22 17:39:23,20.572796585648145,385634.5,127.8232600732601,0.9850364411290934,0.9583779163637172,0.9673525689294397,143.55130662799357,137.82781689905838
492,2022-07-24 03:09:46,20.303618344907395,386242.7,126.96965811965812,0.9784583814705068,0.9458383240716542,0.9568199400614803,140.9140075594834,138.39429525351085
494,2022-07-25 01:34:17,20.32940104166666,386615.9,127.3769547325103,0.9815971060326709,0.9470394037156157,0.9586733322429752,141.60214428349664,138.39429525351085
507,2022-07-28 12:09:07,18.99986545138889,387900.2,128.0792181069959,0.987008914609155,0.8851033638856826,0.9194100976720023,135.22599457992317,138.585701539133
518,2022-08-01 13:28:40,19.985143229166667,389290.7,124.13299663299662,0.9565983934377532,0.9310022507859145,0.9396192500139167,135.4161784906866,134.7620310820178
520,2022-08-02 06:43:31,19.21017361111111,389535.3,125.6442652329749,0.9682445886799929,0.8949005100864804,0.9195919597793281,133.20697729936788,134.7620310820178
523,2022-08-03 03:01:17,20.276986400462956,390011.8,126.5327842377261,0.9750917274387294,0.9445976824642229,0.9548635715701781,140.18330193297987,134.76540769957325
527,2022-08-04 21:58:32,20.500489004629625,390743.4,119.16734417344172,0.9183318946499701,0.9550094881315451,0.942661893456259,131.65954407857362,134.69960957380894
529,2022-08-05 17:35:02,20.055454282407403,391141.2,119.82889660493828,0.9234299750178796,0.9342776713356516,0.9306257698727128,130.17998173768078,134.69960957380894
530,2022-08-06 01:02:14,20.47644386574074,391339.1,123.67313546423136,0.9530545939067886,0.9538893521300507,0.9536083288890391,137.4622394549127,134.69960957380894
532,2022-08-09 01:21:51,20.262423321759254,392221.2,122.52151799687012,0.9441799558249444,0.9439192655574213,0.9440070275247049,134.78904402246118,134.85482224532163
547,2022-08-16 02:12:08,20.141958912037033,394891.1,128.2797858099063,0.988554537026914,0.938307465066179,0.9552232553156883,141.77590215292878,137.63276486094142
550,2022-08-17 01:16:05,19.936957465277786,395304.5,124.87627923976608,0.962326305973435,0.9287575305894179,0.9400585346314576,136.13291909218194,137.63276486094142
551,2022-08-17 16:09:48,20.177382812500003,395513.6,123.92569444444445,0.9550008734720391,0.9399576774606797,0.9450220033702424,136.18057876117447,137.63276486094142
554,2022-08-19 00:19:44,20.4086183449074,396097.7,126.1170178799489,0.9718877330078931,0.9507297194052569,0.9578526124661331,140.34996345124088,137.48141922353977
560,2022-08-21 14:32:04,19.855422453703692,397083.1,123.37363247863247,0.9507465526717834,0.9249592451119061,0.9336406004379109,133.72446084718086,137.27233500437163
568,2022-08-25 13:27:02,20.16169603587962,398307.4,124.40219594594592,0.958672907364483,0.9392269134039157,0.9457734511860025,136.72469103653162,136.97501390906615
574,2022-08-26 15:12:40,20.448425925925925,398682.8,124.46520919067216,0.9591585024141911,0.9525841443198855,0.9547974168193327,138.36316447122718,136.98230836585714
575,2022-08-27 01:00:35,20.07011863425926,398864.0,123.11247276688452,0.9487339938238941,0.9349608060234467,0.939597580800722,134.53401649329297,136.98230836585714
578,2022-08-28 02:12:02,20.120649594907402,399307.4,125.28192640692642,0.9654523195148258,0.9373147765483683,0.9467873439315801,137.66531873358593,136.43316939862123
581,2022-08-29 12:01:51,20.246102430555563,399592.4,121.284375,0.9346462376729721,0.943158961451955,0.9402931337673128,133.08013614676102,136.85038122379893
588,2022-08-31 04:10:26,20.50438802083333,400494.7,126.4767025089606,0.974659548299472,0.9551911226997778,0.9617452121438343,141.35836009270878,137.14111482588194
593,2022-09-02 02:32:32,20.058460648148156,401111.2,127.60219478738,0.9833328594622222,0.9344177220342748,0.9508851135153878,140.40831910556875,137.5730327845861
595,2022-09-03 09:30:30,20.077201967592593,401503.9,121.17415935672516,0.9337968897143456,0.9352907811054754,0.9347878591949679,132.04005766073385,137.79792124505133
597,2022-09-04 01:52:33,19.59575376157407,401818.1,123.39550264550265,0.9509150893788612,0.9128626524550921,0.9256730912800284,132.36315834435388,137.79597648222457
598,2022-09-04 15:08:26,20.316958912037023,402013.2,127.69965651135006,0.9840839226855411,0.9464597906221826,0.9591260396486125,141.96659015322498,137.8419494934809
601,2022-09-06 02:27:15,20.20854456018518,402641.6,125.82024265644958,0.9696007125563453,0.9414093386722433,0.9509000283554475,138.8587779050096,137.9590025181584
603,2022-09-06 18:38:34,20.575813078703696,402813.9,123.92160087719294,0.9549693274692643,0.9585184388404387,0.9573236224823065,138.33078776758435,137.55448249165565
608,2022-09-09 01:52:59,20.39015480324074,403540.8,127.35455680399502,0.9814245022688434,0.9498696005333515,0.9604926294636457,141.90770654098188,136.88647656655544
612,2022-09-12 01:57:24,19.913436053240744,404089.7,126.12063953488372,0.971915642342125,0.9276617922553444,0.9425599508263789,137.6458711053183,136.7096917356623
616,2022-09-13 01:51:44,20.502876157407407,404506.9,124.19686692506458,0.9570905930981002,0.9551206929692387,0.9557838642962833,138.30167960604447,137.04404045807064
619,2022-09-13 20:33:08,19.75612847222222,404681.2,124.1539351851852,0.9567597509005376,0.9203336630388272,0.932596587779206,134.21003431398648,136.63382798347445
620,2022-09-14 02:52:59,20.165788483796284,404847.3,126.43816590563166,0.974362576069421,0.9394175589338452,0.9511818778695403,139.4470246392365,136.73547033625775
621,2022-09-14 14:07:34,19.7229615162037,405065.0,126.13643039591317,0.97203733047261,0.9187885897636008,0.9367148985759428,136.62866550130727,136.94245837814012
622,2022-09-15 05:43:49,19.866037326388895,405242.7,122.23313492063492,0.9419576072560395,0.9254537359568508,0.9310098015007323,132.29572214712002,137.07347646217997
623,2022-09-15 14:24:41,19.81129774305555,405405.1,122.23451730418944,0.9419682602324698,0.9229037079332312,0.9293218325186146,132.0062771413059,136.9767602079181
627,2022-09-17 18:32:57,20.366591435185185,406099.7,120.94378306878306,0.9320215552512365,0.9487719076900095,0.9431328637138541,133.27445817840479,137.26704344644767
629,2022-09-19 03:00:42,20.545971643518516,406394.8,122.81489400584798,0.9464407811209866,0.9571282840136502,0.953530312029042,136.69893095539402,137.26704344644767
635,2022-09-21 00:27:13,19.95489293981482,407211.6,126.18344907407406,0.9723996675885281,0.9295930496032883,0.944003994219027,137.95517856965736,137.40400555594718
636,2022-09-21 14:47:40,19.887556423611112,407415.0,127.7274621212121,0.9842981993278849,0.926456197021004,0.9459288377233205,139.63330292261102,137.82488517977689
637,2022-09-21 22:23:32,20.34503616898147,407601.6,126.63432267884323,0.9758742068139111,0.9477677617040723,0.9572298599236245,140.69303108156737,137.93363242327413
641,2022-09-23 03:45:58,20.65154513888889,408061.1,127.70833333333336,0.9841507883392715,0.9620463954670477,0.9694878892462571,143.83310542886596,139.21866192973218
642,2022-09-23 16:47:53,20.368055555555554,408312.9,126.8725658648339,0.9777101654642929,0.9488401133237948,0.9585592815746868,141.13886428733898,138.87017899297967
644,2022-09-24 05:09:48,20.185322627314815,408596.8,123.18174603174604,0.9492678300775265,0.9403275514905353,0.9433373164668487,135.2435058185569,138.87017899297967
652,2022-09-27 02:49:15,20.471367187499997,409805.5,128.93966547192355,0.9936397266353969,0.9536528565085557,0.9671145266398737,144.4975801251931,139.21068037611317
658,2022-09-29 02:13:02,20.51265769675925,410653.6,122.22086352657006,0.9418630409749853,0.9555763632162964,0.9509597423147,135.73383256220703,138.38807625930167
663,2022-09-30 14:41:42,20.394526909722224,411295.6,124.26918859649122,0.9576479210976973,0.9500732738785089,0.9526232959708201,137.81002547291408,138.41846269010657
664,2022-10-01 01:06:29,20.530787037037033,411476.6,128.17256944444446,0.9877283022164047,0.9564209134109254,0.9669606165543676,143.79028926703728,138.41846269010657
665,2022-10-01 14:35:01,20.28752893518518,411674.2,124.0059799382716,0.9556195725810155,0.9450888034656003,0.9486340106701431,136.88173003629518,138.41846269010657
666,2022-10-01 22:29:34,20.289843749999996,411883.3,125.27461322081574,0.9653959623634305,0.9451966384597275,0.9519967864684302,138.57689526023867,138.71616975490875
667,2022-10-02 07:20:35,20.08514467592592,412014.4,122.25329566854992,0.9421129707741136,0.9356607899290735,0.9378329311816402,133.48967672808283,138.6951405314637
668,2022-10-02 13:32:06,19.998307291666652,412217.4,126.35305212620024,0.9737066690433123,0.93161549491814,0.9457855837426863,138.41700589856293,138.24423170660648
670,2022-10-03 01:55:28,20.185156249999988,412608.8,126.94605475040257,0.978276488293656,0.9403198008503318,0.9530980053964434,140.23046373604691,137.37622065165024
673,2022-10-05 08:59:39,20.54057291666666,413112.0,121.43574074074073,0.9358126980690116,0.9568767858485974,0.9497855131281658,134.8470459191461,136.98787296191543
675,2022-10-05 23:42:55,20.304451678240735,413509.6,125.02792145593872,0.9634948969549044,0.9458771446695403,0.9518082007629166,138.32854458544818,136.79174950009016
681,2022-10-08 04:08:10,20.440493344907406,414294.0,127.20957711442789,0.9803072543018821,0.9522146072743864,0.9616720603383574,141.9909474677326,136.1998695415515
682,2022-10-08 14:42:31,20.221990740740736,414501.8,125.45202020202022,0.9667631027516272,0.9420357251943786,0.9503602526913382,138.44278985012306,136.00178406499427
683,2022-10-09 03:42:08,20.169437210648137,414654.0,121.06164383561648,0.9329298183501733,0.9395875338433379,0.9373461988873173,132.38241698346278,136.75672825168382
685,2022-10-10 03:25:24,20.24474103009258,414974.1,120.72733918128654,0.9303535871793729,0.9430955409960331,0.9388059334682555,132.34542535580556,136.46742533434772
689,2022-10-11 14:42:41,20.17961516203703,415567.2,120.38180076628352,0.927690785977206,0.9400616708331405,0.9358969845089833,131.55100530562817,136.8659829375854
691,2022-10-12 05:15:09,20.256740451388882,415848.5,121.02067901234568,0.9326141336797696,0.9436545306468394,0.9399377560751347,132.79198063482823,137.1699417716979
696,2022-10-14 13:34:16,20.395428240740742,416761.8,123.8088148148148,0.9541001712497292,0.9501152621293472,0.9514567907839206,137.20410631506334,137.03681672350223
697,2022-10-14 22:56:37,20.474533854166662,417056.9,127.48432748538012,0.9824245460017385,0.9538003747805214,0.9634367666646599,142.5490069683577,136.45862546251576
700,2022-10-16 04:00:47,20.204004629629626,417469.8,122.87870370370372,0.9469325138279236,0.9411978472900117,0.9431284357307074,134.94537089052974,137.29991870108194
702,2022-10-17 03:43:59,20.363618344907405,417846.9,129.76500638569604,1.0,0.9486334071194275,0.9659260866148356,145.013154974899,137.79536803560958
703,2022-10-17 16:41:59,20.205765335648138,418094.3,125.00255427841635,0.9632994114520796,0.9412798692824192,0.9486927978809906,137.75808701026398,138.02351800327875
704,2022-10-18 03:00:07,20.311798321759248,418294.2,124.67998477929982,0.9608136141782154,0.9462193859821507,0.9511325658627818,137.90640668993024,137.98322333392184
706,2022-10-20 13:55:48,20.16335648148149,418569.2,124.2993945868946,0.9578806956433525,0.9393042647931414,0.9455580621903756,136.59791895890433,138.5023476038312
715,2022-10-24 03:26:07,20.29585069444445,419759.5,127.54081481481482,0.9828598507962129,0.9454764702694876,0.958061669747416,141.63664260769116,137.96380199822968
721,2022-10-27 17:07:12,19.845040509259253,420411.6,123.49904214559383,0.9517129893903901,0.9244756051632466,0.9336451320740226,133.8325049823199,137.41946855238785
722,2022-10-28 01:55:05,20.322400173611108,420606.5,124.39079861111114,0.9585850767917251,0.9467132702552529,0.9507099407360851,137.58027664035257,137.6648831297668
725,2022-10-29 05:41:35,20.688515624999994,421081.6,121.8002525252525,0.9386217125688711,0.9637686551169988,0.9553028801183483,136.1199305984518,138.444008220903
726,2022-10-29 16:27:05,20.40969762731481,421323.4,125.79403409090908,0.9693987431173534,0.9507799974712686,0.957048040240094,139.92399491671463,138.65439706293802
731,2022-10-31 02:07:35,20.43355468749999,422072.7,122.96119929453263,0.9475682444700023,0.9518913718794901,0.9504359812740844,136.2875337104691,139.13031027810385
737,2022-11-02 12:41:38,20.024051793981474,422736.0,124.83579204204204,0.9620143019990839,0.9328147952846985,0.9426448751619033,136.5513894087812,139.1288924912081
738,2022-11-03 00:04:32,20.358826678240735,422994.1,126.21827485380116,0.972668043329393,0.9484101886815843,0.9565766502307482,140.2122327840529,139.25563514440628
740,2022-11-03 12:50:45,20.696591435185177,423170.0,127.53732638888889,0.9828329681564081,0.9641448644527595,0.9704362567682965,143.8515683392937,139.48238739621766
743,2022-11-04 14:52:39,20.583675347222222,423613.7,125.54837239583334,0.9675056156716878,0.9588847003979916,0.9617869509936601,140.54789664125337,139.74103791912273
744,2022-11-05 00:24:11,20.34702980324073,423868.7,128.45094562647756,0.9898735352787427,0.9478606345927643,0.9620043724872396,143.14430298063783,139.37870362212968
746,2022-11-05 18:26:06,20.234730902777788,424143.8,126.47592592592594,0.9746535637659194,0.942629222043306,0.9534102890054099,139.87544972722793,139.37870362212968
749,2022-11-07 00:23:52,20.2165798611111,424774.4,128.47283272283272,0.990042202448458,0.9417836608956064,0.9580300078925654,142.4489191113366,139.6363011147681
751,2022-11-08 19:05:59,20.695883969907403,425028.5,124.19006849315068,0.9570382027649644,0.9641119073826796,0.9617305287484428,139.3412436705186,139.40405882700063
752,2022-11-09 01:11:20,20.169171006944442,425187.8,125.40101410934744,0.9663700376711911,0.9395751328190137,0.9485956980489476,138.08725136550345,139.40405882700063
753,2022-11-09 14:23:43,20.43447771990741,425331.9,122.44225146198832,0.9435691090559303,0.951934371083399,0.9491181867304197,135.60690212709412,139.6234949360944
754,2022-11-10 00:03:03,20.591937210648148,425534.1,125.66887626262628,0.9684342471274963,0.9592695769714051,0.9623548838762039,140.75480816571212,139.57443344876455
759,2022-11-12 00:04:11,19.923098958333327,426332.2,124.23360339506172,0.9573736930725876,0.9281119359589529,0.9379629725736462,135.21364905580475,138.74520195305365
764,2022-11-14 00:36:37,20.713074363425918,427309.9,127.06637426900583,0.979203699118473,0.9649127170078153,0.9697238084089677,143.30524973241913,137.1132410721185
765,2022-11-14 14:18:21,19.97124131944444,427515.4,122.12567204301077,0.9411294727641816,0.9303546342493102,0.9339820079683665,132.71596046837294,137.1132410721185
775,2022-11-17 17:02:56,20.300538339120372,428696.8,123.06075970548862,0.9483354806743459,0.9456948428722818,0.9465838195517497,135.70348507896276,138.4025375320954
778,2022-11-20 14:18:18,19.743045428240734,429095.9,124.86538461538464,0.9622423494069856,0.9197241931313954,0.934038026461142,135.06977260759197,138.56761885418527
779,2022-11-21 00:04:25,20.17220341435184,429346.5,126.37749687890138,0.9738950461210931,0.9397163966613198,0.9512227161882532,139.4014039695228,138.56761885418527
780,2022-11-21 16:51:46,19.549790943287032,429545.8,124.11128968253968,0.956431114515172,0.9107214875513928,0.9261097366956779,133.04592555180093,139.0740391023437
785,2022-11-23 01:01:07,20.546830150462956,430303.2,128.3218085106383,0.9888783739526189,0.9571682773170969,0.9678435529609657,144.08155216622242,138.8070473093687
789,2022-11-24 00:02:52,20.431579861111114,430780.5,127.4174558080808,0.9819092169530074,0.9517993751501262,0.9619359213907004,142.22129835317065,138.8070473093687
791,2022-11-24 16:04:17,20.359836516203696,431006.2,128.4891812865497,0.9901681883684862,0.9484572316977722,0.9624993194576228,143.26707833708574,139.34110285256133
792,2022-11-25 01:44:36,20.486235532407402,431223.4,123.18262012012016,0.9492745660104136,0.9543454941552079,0.9526383547434885,136.8644622767036,139.67179537743394
797,2022-11-26 16:31:22,20.692003761574075,431905.3,127.76761168384884,0.9846076014059567,0.9639311489737743,0.9708919233790982,144.13824158392794,140.76493162897654
800,2022-11-27 15:19:25,20.019315682870367,432355.7,123.17196296296298,0.9491924394228689,0.9325941648867146,0.9381820114935133,134.3394818282761,141.52362002003414
801,2022-11-28 03:16:50,20.248787615740746,432590.9,125.5692918192918,0.9676668257239286,0.9432840500451422,0.9514925665414964,138.74481864979091,141.36682373293795
808,2022-12-01 00:31:03,21.303828125000006,433476.0,126.06589506172834,0.9714937684126261,0.9924328140808777,0.9853836370696119,145.2157138276803,140.92692615424
814,2022-12-02 21:26:31,21.28347077546297,434302.6,126.52472899728996,0.9750296518402263,0.9914844727044018,0.985944920100239,145.73074371510705,141.6703778809285
819,2022-12-04 13:40:52,20.571132812499986,434798.5,125.66294037940378,0.9683885037997083,0.9583004099616877,0.9616965895343935,140.63280946237674,141.95029919248051
820,2022-12-04 20:41:43,20.248051215277773,435030.1,126.36373456790125,0.9737889904795649,0.943249745037635,0.9535308509830255,139.79886086197573,142.58453397283085
827,2022-12-08 01:35:35,21.333227719907395,435850.9,122.50450450450452,0.9440488458066162,0.9938023859031615,0.9770527442702843,140.53705099947598,143.00846347446455
831,2022-12-08 18:54:03,20.82510850694443,436069.1,125.38988095238096,0.9662842429159134,0.970131795929821,0.9688365085186861,141.6584198808693,142.83867498575566
832,2022-12-09 01:38:24,20.933962673611102,436334.6,129.10379330943846,0.9949045347842678,0.9752027365286451,0.98183539140435,147.31237887104783,143.3269859079649
835,2022-12-11 12:42:47,21.02762731481481,436577.7,124.81917087542088,0.9618862153362454,0.9795660773753818,0.9736141118931345,141.99850089244353,143.58065115698903
836,2022-12-12 00:24:37,21.07237413194445,436756.9,123.1096096096096,0.9487119296530158,0.9816505952087292,0.9705617190633772,139.9375139981706,143.47175237323222
837,2022-12-12 15:39:12,20.939460358796293,436956.2,128.29477339181287,0.9886700348974419,0.975458844639697,0.9799064216750515,146.2355839859776,143.41260435414483
838,2022-12-13 01:19:18,21.061947337962955,437156.8,125.57585470085472,0.9677174008500408,0.9811648659570577,0.9766377464601117,143.21201252905487,143.41260435414483
842,2022-12-14 00:18:35,20.94674768518519,437653.5,125.64725343320848,0.9682676164616483,0.9757983226805836,0.9732630934252406,142.674531006071,143.5539087451336
846,2022-12-15 02:20:22,21.342151331018517,438097.8,125.75234487734488,0.9690774761230738,0.9942180898055217,0.985754445433795,144.99905353623873,143.40104464438133
847,2022-12-15 13:33:02,21.108499710648143,438270.1,124.62228997289972,0.9603690042790828,0.9833334950858238,0.9756024473945837,142.17531507601464,143.32645420284115
849,2022-12-16 16:05:45,21.22177951388888,438614.1,125.89472624798712,0.9701747008264662,0.9886106027140441,0.9824041147094397,144.52786060214197,143.0068645190327
850,2022-12-17 01:25:06,21.46626736111112,438796.8,127.77744310575638,0.9846833646812909,1.0,0.9948436201301049,148.4741532025077,142.24934453457695
852,2022-12-17 17:22:36,21.226287615740745,439027.2,127.9631172839506,0.9861142140556002,0.9888206113651071,0.9879094965989526,147.38562989235137,141.9515189853728
854,2022-12-18 03:05:37,21.04716290509258,439235.0,124.5408950617284,0.9597417557362099,0.9804761373289423,0.9734958609408968,141.7293718331236,141.94858261618086
855,2022-12-18 13:28:49,21.172455150462966,439423.2,126.23946360153258,0.9728313288585321,0.9863128411798116,0.9817742596112946,144.72522739062072,142.08265385738153
858,2022-12-19 17:26:25,20.752745949074075,439892.8,123.91319444444446,0.9549045454992816,0.9667608066165392,0.9627693695361923,139.2799362260282,141.67632394966853
861,2022-12-20 15:55:50,20.26276041666667,440370.8,127.1686046511628,0.9799915107558654,0.9439349690284414,0.9560734852281596,140.95521903234484,141.59314002830163
862,2022-12-21 00:46:09,20.846811342592577,440605.5,125.59803921568628,0.9678883599972675,0.9711428163966331,0.9700471963001853,142.05841669665804,141.28351152758012
863,2022-12-21 15:24:24,20.297692418981484,440809.0,121.34672021419009,0.9351266847204972,0.9455622664866897,0.9420491043182263,133.43599205276053,141.1943311727366
866,2022-12-27 17:47:54,20.194448784722223,441172.7,118.64037698412696,0.9142709601654568,0.9407526909548811,0.9318375564804202,129.3715047988293,140.82393901391382
