Pred,group,累计里程_Pred,数据采集时间,累计里程,安时容量,平均容量,平均容量_pred
134.54750061035156,0.0,35175.3984375,2022-01-01 08:20:34,35175.4,142.46965020576135,138.22371927241915,133.62269816679114
131.92491149902344,1.0,35274.1015625,,,,,133.7666384379069
123.98161315917969,2.0,35274.1015625,,,,,133.7666384379069
131.45689392089844,3.0,35502.19921875,2022-01-02 02:43:43,35502.2,136.60895931142412,137.7716884038714,133.38695164730674
135.91513061523438,4.0,35650.6015625,2022-01-02 17:37:13,35650.6,136.22093023255815,138.05444616635748,133.52753143310548
136.4232635498047,5.0,35804.1015625,2022-01-03 17:49:10,35804.1,140.5998498498499,138.11457148460565,133.40605510364878
133.8152618408203,6.0,36066.5,2022-01-04 04:41:37,36066.5,143.17083333333335,138.11457148460565,133.55895598038384
130.73089599609375,7.0,36265.5,2022-01-04 12:26:58,36265.5,135.11843093093094,137.9449339666932,133.54369506835937
134.43096923828125,8.0,36472.6015625,2022-01-05 02:06:25,36472.6,137.05470085470088,137.77169985516412,133.54822598970853
137.08529663085938,9.0,36704.69921875,,,,,133.5281665943287
133.87283325195312,10.0,36704.69921875,2022-01-05 15:10:26,36704.7,133.23245614035088,137.92927858466123,133.5281665943287
127.59809112548828,12.0,36892.69921875,,,,,133.50341142926897
135.71774291992188,11.0,36892.69921875,2022-01-05 22:59:57,36892.7,141.68214285714285,137.80577143136395,133.50341142926897
135.32150268554688,13.0,36991.5,2022-01-06 03:56:59,36991.5,132.2412037037037,137.80577143136395,133.50341142926897
136.9345245361328,14.0,37159.6015625,2022-01-06 16:20:29,37159.6,139.02777777777774,138.04000828018502,133.62217712402344
133.68980407714844,15.0,37344.0,2022-01-07 00:50:26,37344.0,137.26736111111111,138.16673833440768,133.64244435628254
138.13963317871094,16.0,37607.69921875,2022-01-07 16:16:37,37607.7,142.21405423280422,138.1825060304686,133.74532849860913
136.213623046875,17.0,37720.0,2022-01-07 21:35:38,37720.0,138.24454365079367,138.00387502316474,133.7202606201172
126.5525894165039,18.0,37811.80078125,2022-01-08 02:30:20,37811.8,131.4224318658281,137.93684412036225,134.06944078014743
136.19854736328125,19.0,38039.30078125,2022-01-08 15:12:57,38039.3,142.29581260364844,138.09352207269163,134.2203103342364
136.93801879882812,20.0,38221.1015625,2022-01-08 23:22:29,38221.1,139.07657657657657,138.0043389514396,134.14692835653983
127.44456481933594,21.0,38282.0,,,,,134.14277172088623
136.9227752685547,22.0,38478.69921875,,,,,134.0826597213745
133.67578125,23.0,38623.80078125,2022-01-09 16:31:00,38623.8,136.95454545454547,137.20778636911365,134.08693504333496
133.06060791015625,24.0,38668.69921875,2022-01-09 18:00:20,38668.7,136.05148467432952,137.20778636911365,134.08693504333496
133.6614990234375,25.0,38864.69921875,2022-01-10 02:23:22,38864.7,134.48025173611111,137.03082917406437,134.22004052364466
133.00662231445312,26.0,39123.3984375,2022-01-10 12:18:49,39123.4,141.0808531746032,136.99290264546477,134.31528865929806
132.83502197265625,27.0,39342.3984375,2022-01-11 00:45:48,39342.4,135.2121212121212,136.88014634274086,134.22473279167625
136.94761657714844,28.0,39502.19921875,2022-01-11 16:02:56,39502.2,143.19321895424835,136.8738750398422,134.35495413503338
134.23019409179688,29.0,39673.30078125,2022-01-12 00:23:37,39673.3,141.08152958152957,136.836905543821,134.44346642494202
138.17581176757812,30.0,39855.5,,,,,134.76090128281538
131.82672119140625,31.0,39913.3984375,,,,,134.76090128281538
134.31997680664062,32.0,40021.6015625,2022-01-12 23:56:26,40021.6,138.56093073593075,137.15525248505193,134.76090128281538
133.01084899902344,33.0,40255.3984375,2022-01-13 14:27:25,40255.4,136.32810245310245,136.60892752707443,134.75690067836217
136.13385009765625,34.0,40481.0,2022-01-14 00:29:27,40481.0,140.52590811965814,137.05014539061585,135.07160398695203
133.64028930664062,35.0,40591.5,2022-01-14 12:00:13,40591.5,133.99135220125788,136.8817447972565,135.00327004326715
134.013916015625,36.0,40781.1015625,2022-01-15 02:00:19,40781.1,132.49590163934425,136.8953320914472,135.0412491692437
134.4996795654297,37.0,40908.1015625,2022-01-15 10:19:09,40908.1,130.93117283950616,136.8953320914472,135.26978853013782
133.9520721435547,38.0,41119.8984375,2022-01-15 23:01:38,41119.9,137.63758051529788,136.8476098022939,135.2188436147329
133.24240112304688,39.0,41202.69921875,2022-01-16 03:55:53,41202.7,130.5175438596491,136.87137495662887,135.32459498814174
135.96791076660156,40.0,41272.8984375,,,,,135.36843829684787
137.57415771484375,41.0,41428.8984375,2022-01-17 14:53:21,41428.9,136.0686111111111,136.90596563282276,135.3743977016873
134.8005828857422,42.0,41665.19921875,2022-01-18 01:32:46,41665.2,143.3641713747646,136.7786342836164,135.46248881022134
132.5232391357422,43.0,41712.30078125,2022-01-18 04:34:01,41712.3,130.7574074074074,136.90846980200087,135.4463550464527
134.87069702148438,44.0,41802.0,2022-01-18 11:00:04,41802.0,129.93950617283951,136.90846980200087,135.4463550464527
140.83016967773438,45.0,42053.19921875,,,,,135.45751825968424
133.2917022705078,46.0,42053.19921875,2022-01-19 02:18:51,42053.2,138.06657088122606,136.73792387066334,135.45751825968424
139.32012939453125,47.0,42209.3984375,2022-01-19 18:16:43,42209.4,137.05166666666668,136.58081843464,135.4804662068685
138.1473846435547,48.0,42241.3984375,2022-01-20 08:34:24,42241.4,142.13580246913585,136.58081843464,135.4804662068685
135.90200805664062,49.0,42350.5,2022-01-20 15:16:15,42350.5,140.66741741741745,136.63405913653023,135.443902093011
140.1065673828125,50.0,42546.19921875,2022-01-20 23:35:16,42546.2,133.66923611111113,136.6733901849426,135.56251907348633
133.35073852539062,51.0,42579.8984375,2022-01-21 01:44:37,42579.9,136.37500000000003,136.50356337577776,135.47799311457453
135.51683044433594,52.0,42686.5,2022-01-21 09:51:09,42686.5,131.72619047619048,136.50356337577776,135.47799311457453
136.25860595703125,53.0,42820.5,2022-01-21 14:13:30,42820.5,142.65678418803418,136.3650790784393,135.53854287637247
136.3802032470703,54.0,42927.5,2022-01-21 20:46:58,42927.5,138.6111111111111,136.28517664003542,135.6072455958316
133.738525390625,55.0,43043.3984375,2022-01-22 00:37:28,43043.4,137.2437948028674,136.20308800375375,135.49456345407586
138.30526733398438,56.0,43206.5,2022-01-22 14:14:45,43206.5,139.48419540229887,136.06532962961563,135.40718440005654
135.67198181152344,57.0,43287.3984375,,,,,135.44406971178557
134.73367309570312,58.0,43438.19921875,2022-01-22 23:57:57,43438.2,135.41594112769485,136.12315126048446,135.47496875963714
135.5739288330078,59.0,43532.5,,,,,135.38555673452524
136.9029541015625,60.0,43713.0,2022-01-23 16:58:27,43713.0,137.10453216374273,136.41907103520057,135.57640678004213
133.87603759765625,61.0,43892.6015625,2022-01-24 00:06:28,43892.6,135.2848148148148,136.4542188028739,135.5341816952354
136.1779022216797,62.0,44018.0,2022-01-24 09:33:35,44018.0,137.2609126984127,136.56802489865763,135.4639832346063
134.86553955078125,63.0,44176.1015625,2022-01-24 15:16:26,44176.1,140.80353535353535,136.2411160221853,135.41593170166016
134.7381591796875,64.0,44348.5,2022-01-24 23:34:40,44348.5,136.38049242424242,136.6356500885321,135.54706222946578
135.0563201904297,65.0,44581.80078125,2022-01-25 14:19:27,44581.8,136.3683665008292,136.76087284588223,135.49209842166385
134.12759399414062,66.0,44763.80078125,2022-01-25 22:18:56,44763.8,138.2312801932367,136.47813742286905,135.2005697714316
136.76060485839844,67.0,44861.19921875,2022-01-26 01:01:46,44861.2,139.78019323671498,136.3472224230394,135.18108537462024
136.38821411132812,68.0,44956.30078125,,,,,135.1828811233108
132.43505859375,69.0,45064.6015625,2022-01-26 08:48:21,45064.6,131.23893229166669,136.52622758937005,135.04611206054688
135.25119018554688,70.0,45192.8984375,2022-01-26 15:15:56,45192.9,131.8966049382716,136.72033031675963,135.16725333077568
138.1492462158203,71.0,45407.19921875,2022-01-26 23:32:57,45407.2,133.7282986111111,136.81283192972722,135.13126203748914
131.8519287109375,72.0,45497.3984375,2022-01-27 02:18:48,45497.4,137.81698312236287,136.7548229238761,135.0955780029297
130.31988525390625,73.0,45629.69921875,2022-01-27 09:55:52,45629.7,129.44532585470083,136.90972305683945,135.2419891357422
135.41555786132812,74.0,45785.6015625,2022-01-27 18:44:31,45785.6,129.21203703703705,136.7647643725871,135.0854318406847
135.67384338378906,75.0,45883.3984375,,,,,135.06867327008928
131.98789978027344,76.0,45990.0,2022-01-28 01:45:52,45990.0,134.76529790660226,136.7521729697224,135.03396868024552
139.06121826171875,77.0,46154.1015625,2022-01-28 10:37:57,46154.1,142.85925925925923,136.51527990760854,134.93548976353236
134.3633575439453,78.0,46241.6015625,2022-01-28 15:02:22,46241.6,137.57894736842104,136.42093495959034,134.82493155343192
134.9066162109375,79.0,46404.5,2022-01-28 23:40:22,46404.5,139.8242122719735,136.6523212542902,134.93353184291294
132.97462463378906,80.0,46593.3984375,2022-01-29 13:16:48,46593.4,132.57617845117846,136.61629726909433,134.95156309339734
136.829833984375,81.0,46773.69921875,2022-01-29 23:01:45,46773.7,137.08088768115942,136.51760782279726,134.96144485473633
133.43544006347656,82.0,46880.5,2022-01-30 02:48:25,46880.5,137.8846450617284,136.36465122923238,134.9304724799262
138.65277099609375,83.0,47038.19921875,2022-01-30 08:31:36,47038.2,140.9499269005848,136.3640118365313,134.93169753615922
131.37355041503906,84.0,47094.69921875,2022-01-30 10:39:16,47094.7,129.22652116402116,136.24524361337689,134.90497774691195
135.30740356445312,85.0,47246.1015625,2022-01-30 15:40:17,47246.1,140.6306790123457,136.0824304708727,134.81194265265214
135.24752807617188,86.0,47405.5,2022-01-31 10:41:37,47405.5,139.39740143369175,135.71092741525567,134.68816973711992
138.0614013671875,87.0,47581.19921875,2022-02-01 14:21:48,47581.2,137.59214743589743,135.69934245294152,134.62991078694662
134.5908966064453,88.0,47766.5,2022-02-01 22:14:11,47766.5,141.4819651741294,135.81457692308302,134.6121599469866
135.53927612304688,89.0,47898.1015625,2022-02-02 12:00:14,47898.1,140.8552009456265,135.81457692308302,134.6121599469866
138.8629150390625,90.0,48095.19921875,2022-02-02 20:51:56,48095.2,142.0456989247312,135.81728247510537,134.58861888538706
132.91915893554688,91.0,48141.1015625,2022-02-02 23:15:37,48141.1,134.9904761904762,136.02968102911882,134.72201681137085
134.99203491210938,92.0,48200.3984375,,,,,134.72201681137085
133.51901245117188,93.0,48400.19921875,2022-02-04 14:36:30,48400.2,135.02560763888889,136.26477220125958,134.66717122395832
132.12716674804688,94.0,48575.80078125,2022-02-04 23:56:00,48575.8,129.17159498207883,136.3183248546402,134.75955989443023
133.03341674804688,95.0,48671.0,2022-02-05 06:09:23,48671.0,134.0854938271605,136.07606802483951,134.60592923845564
137.6770477294922,96.0,48826.3984375,2022-02-05 15:23:16,48826.4,142.68917624521077,136.0182649731633,134.61491337528935
140.11280822753906,97.0,48989.19921875,2022-02-05 20:43:20,48989.2,139.85096153846155,135.8660270812109,134.60369403545673
131.6477508544922,98.0,49038.80078125,2022-02-05 23:21:50,49038.8,132.87348090277774,135.8660270812109,134.60369403545673
135.22128295898438,99.0,49198.30078125,2022-02-06 08:05:57,49198.3,137.54678362573102,136.00310410746224,134.66885681152343
133.62315368652344,100.0,49353.30078125,2022-02-06 15:18:30,49353.3,131.33292483660134,136.08035075642374,134.628154296875
134.97579956054688,101.0,49517.8984375,2022-02-06 23:08:11,49517.9,136.34291187739464,136.15180458872828,134.52788208007811
134.06768798828125,102.0,49558.80078125,2022-02-07 09:49:47,49558.8,132.33024691358025,136.10584018891703,134.40741394042968
131.36964416503906,103.0,49668.1015625,2022-02-07 15:19:35,49668.1,130.546783625731,136.1602587674915,134.57118774414062
131.4966583251953,104.0,49798.1015625,2022-02-08 07:00:39,49798.1,129.29793906810036,136.05723793415817,134.57608853853665
132.03778076171875,105.0,49939.19921875,2022-02-08 13:02:01,49939.2,130.84504357298474,136.02525708738395,134.6946305495042
135.81227111816406,106.0,51783.0,2022-02-12 12:00:40,51783.0,138.93480725623584,135.66484741066063,133.64645416259765
130.9286346435547,107.0,51882.19921875,2022-02-12 17:02:46,51882.2,139.59953703703704,135.83196662066348,133.76116424560547
135.6410675048828,108.0,52038.30078125,2022-02-12 21:21:47,52038.3,139.84678130511463,135.91741972744342,133.71518463134765
135.4678955078125,109.0,52076.6015625,2022-02-13 14:36:12,52076.6,130.53256704980845,136.08047303716447,133.70049699147543
135.387939453125,110.0,52182.0,,,,,133.8139123916626
134.61807250976562,111.0,52239.5,2022-02-14 11:28:01,52239.5,138.15817901234567,136.48281397752783,133.8139123916626
138.32962036132812,112.0,52424.69921875,2022-02-14 19:26:18,52424.7,138.62986111111113,136.9804406787836,134.0430294672648
133.17050170898438,113.0,52526.6015625,2022-02-14 23:52:09,52526.6,139.50345486111104,137.4600351838836,134.10723602294922
136.01483154296875,114.0,52682.30078125,2022-02-15 09:53:21,52682.3,141.50678294573646,137.4600351838836,134.10723602294922
132.31887817382812,115.0,52839.19921875,2022-02-15 23:07:58,52839.2,136.00102880658434,137.20213840601255,134.06142482051143
127.12389373779297,117.0,52997.30078125,,,,,134.17757170540946
135.123046875,116.0,52997.30078125,2022-02-16 12:08:28,52997.3,137.40785353535352,137.199403746965,134.17757170540946
136.44932556152344,118.0,53150.8984375,2022-02-16 18:51:05,53150.9,137.1362433862434,137.26092527653384,134.2095208003603
131.72299194335938,119.0,53344.1015625,2022-02-17 02:13:26,53344.1,142.45671834625324,137.2525249389443,134.23762283325195
135.35421752929688,120.0,53445.8984375,2022-02-17 10:00:48,53445.9,131.21031746031744,137.3896987198605,134.31866922686177
133.3721160888672,121.0,53534.80078125,2022-02-17 15:50:08,53534.8,129.92487373737373,137.3896987198605,134.31866922686177
131.0691375732422,122.0,53773.1015625,2022-02-18 01:26:01,53773.1,138.3409645909646,137.09856848281598,134.26579862652403
133.95196533203125,123.0,53929.30078125,2022-02-18 12:46:55,53929.3,132.37823183760685,137.09856848281598,134.26579862652403
131.73422241210938,124.0,54199.8984375,2022-02-18 23:48:38,54199.9,138.02743827160492,137.16951155363682,134.24083884102959
136.49090576171875,125.0,54359.8984375,2022-02-19 13:30:47,54359.9,135.17666666666668,137.1125665309723,134.138353402274
133.82630920410156,126.0,54491.6015625,2022-02-19 18:20:17,54491.6,138.30833333333334,137.00730403659688,134.22053506033762
134.09161376953125,127.0,54626.69921875,2022-02-20 00:55:34,54626.7,139.39828431372547,137.02854453462805,134.0291835560518
136.99546813964844,128.0,54788.3984375,2022-02-20 13:22:18,54788.4,140.2457264957265,136.98638918483377,133.99180487430456
129.35205078125,130.0,54956.0,,,,,133.64396449497767
138.33392333984375,129.0,54956.0,2022-02-21 11:56:12,54956.0,141.39612268518516,136.80747367588165,133.64396449497767
137.01419067382812,131.0,55236.0,2022-02-21 22:14:53,55236.0,137.88813813813815,136.3206852701311,133.58204258510045
129.96337890625,132.0,55236.0,2022-02-22 01:09:10,55236.0,130.8424095607235,136.3206852701311,133.58204258510045
137.31353759765625,133.0,55369.19921875,2022-02-22 14:31:35,55369.2,137.13377192982455,136.3313404855826,133.61919447954963
135.10409545898438,134.0,55548.19921875,2022-02-22 23:00:36,55548.2,138.7989635157546,136.29421934593535,133.82457132050484
135.05258178710938,135.0,55724.6015625,2022-02-23 23:20:26,55724.6,137.03411616161617,136.45473749955693,133.8802376949426
136.75006103515625,136.0,55853.19921875,2022-02-24 14:10:39,55853.2,141.09339080459773,136.3032335126298,133.87124790864831
134.010498046875,137.0,56099.6015625,2022-02-25 01:08:13,56099.6,135.51023391812865,136.48150162788764,133.81439232103753
132.88211059570312,138.0,56238.19921875,2022-02-25 17:04:26,56238.2,130.53525641025644,136.42364712947784,133.75966128181008
133.71929931640625,139.0,56461.1015625,2022-02-26 01:15:57,56461.1,136.18776276276276,136.15166581816467,133.67516528858857
133.93870544433594,140.0,56627.6015625,2022-02-26 12:13:27,56627.6,140.27955246913584,136.15166581816467,133.63153054373606
132.22528076171875,141.0,56719.69921875,,,,,133.67895137241908
133.80499267578125,142.0,56970.8984375,2022-02-27 01:04:41,56970.9,136.3363997113997,135.99274299743996,133.57269788469588
130.38247680664062,143.0,57078.80078125,2022-02-27 13:29:42,57078.8,134.00925925925927,135.91004334258665,133.56523872824278
134.7433319091797,144.0,57286.1015625,2022-02-27 23:39:26,57286.1,136.89351851851853,135.67890251995226,133.52524959019252
133.15110778808594,145.0,57308.19921875,2022-02-28 00:56:18,57308.2,135.7405838041431,135.5158016636746,133.42318433873794
133.83221435546875,146.0,57455.3984375,2022-02-28 14:15:17,57455.4,134.32928571428567,135.65925937419678,133.52784326341418
127.1554946899414,147.0,57455.3984375,,,,,133.52784326341418
135.66810607910156,148.0,57709.6015625,2022-03-01 00:11:42,57709.6,135.99728260869566,135.45437139880434,133.58206748962402
131.34996032714844,149.0,57735.8984375,2022-03-01 01:56:52,57735.9,129.92251461988303,135.45437139880434,133.58206748962402
135.40518188476562,150.0,57915.8984375,,,,,133.50022506713867
138.28631591796875,151.0,58085.19921875,2022-03-07 16:49:31,58085.2,141.79126984126984,135.47683512699433,133.45162293405244
133.74655151367188,152.0,58225.0,2022-03-07 22:05:41,58225.0,138.06310272536686,135.57555381386302,133.4039341319691
131.551025390625,153.0,58256.19921875,,,,,133.4039341319691
132.97885131835938,154.0,58401.1015625,2022-03-08 15:13:22,58401.1,129.82346491228068,135.39107031843125,133.25653238007516
131.9535369873047,155.0,58612.8984375,2022-03-09 01:07:26,58612.9,134.8037211740042,135.31404069862913,133.17395311243394
133.260498046875,156.0,58754.5,2022-03-09 13:05:37,58754.5,131.17350427350428,135.4786738427416,133.20253865859087
128.8877410888672,157.0,58933.5,2022-03-09 23:43:56,58933.5,131.65823412698413,135.4786738427416,133.20253865859087
132.14794921875,158.0,59026.8984375,,,,,133.29689003439512
133.39395141601562,159.0,59212.0,2022-03-11 01:35:36,59212.0,134.62450980392157,134.9531359784885,133.30681653703962
132.77203369140625,160.0,59383.19921875,2022-03-11 15:09:18,59383.2,133.9708333333333,135.18079429018394,133.37757808140347
132.70716857910156,161.0,59614.8984375,2022-03-12 00:06:01,59614.9,132.05128205128204,135.06614637808232,133.41827457972934
133.55006408691406,162.0,59642.8984375,2022-03-12 01:07:11,59642.9,136.5539617486339,135.06614637808232,133.41827457972934
136.55160522460938,163.0,59842.6015625,,,,,133.2664774726419
134.06248474121094,164.0,59932.1015625,2022-03-12 16:16:21,59932.1,139.6760752688172,134.99812293426115,133.2664774726419
138.029541015625,165.0,60089.80078125,,,,,133.47994301535866
131.60850524902344,166.0,60089.80078125,,,,,133.47994301535866
134.34432983398438,167.0,60313.19921875,2022-03-13 12:22:49,60313.2,138.8617621527778,135.09628268206515,133.48095273971558
133.47885131835938,168.0,60616.6015625,2022-03-14 00:26:03,60616.6,139.50208333333333,134.7977210128965,133.1597981452942
131.88580322265625,169.0,60833.5,2022-03-14 17:15:55,60833.5,136.4813034188034,134.66710574439765,133.2582564353943
133.7657012939453,170.0,60938.30078125,2022-03-14 21:51:06,60938.3,139.11924119241192,134.86892411240254,133.26726950368572
130.69363403320312,171.0,61052.3984375,2022-03-15 01:54:25,61052.4,129.7792929292929,134.9833338145731,133.29655075073242
133.85401916503906,172.0,61243.1015625,2022-03-15 14:13:31,61243.1,134.81571815718158,134.93617407436676,133.3406852953362
136.92724609375,173.0,61460.3984375,,,,,133.43284225463867
133.15411376953125,174.0,61577.30078125,2022-03-16 17:16:13,61577.3,132.5946502057613,135.29636600406823,133.55986309051514
134.4289093017578,175.0,61708.30078125,2022-03-17 01:49:25,61708.3,130.20868055555556,135.29636600406823,133.47422096946022
134.70193481445312,176.0,61844.30078125,2022-03-17 07:48:36,61844.3,141.09991039426524,135.55104078432515,133.44891866048178
133.82518005371094,177.0,61978.1015625,2022-03-17 12:05:17,61978.1,134.58680555555557,135.61688276144983,133.47007131576538
131.7866668701172,178.0,62058.80078125,2022-03-17 15:27:37,62058.8,132.6633597883598,135.5575733046504,133.42469695120147
129.3150634765625,179.0,62286.0,2022-03-18 00:25:37,62286.0,135.79934640522873,135.66157519430575,133.4425482749939
134.76559448242188,180.0,62453.5,2022-03-18 13:28:32,62453.5,130.99884259259258,135.53505980320307,133.3163304482737
133.5704345703125,181.0,62633.8984375,2022-03-19 13:00:27,62633.9,136.7061111111111,135.06394779007044,133.06072505827873
134.45248413085938,182.0,62926.5,2022-03-20 01:57:49,62926.5,136.84419515669515,134.88722535062473,133.19395065307617
128.96206665039062,183.0,63089.80078125,2022-03-20 14:29:08,63089.8,132.28075396825395,134.56689664811017,133.0224739523495
138.36268615722656,184.0,63307.69921875,,,,,133.0086443351977
130.08555603027344,185.0,63307.69921875,,,,,133.0086443351977
134.2042694091797,186.0,63485.5,2022-03-21 14:33:54,63485.5,137.72916666666666,134.2942825671976,133.00022840499878
134.14065551757812,187.0,63703.6015625,,,,,133.04190587997437
132.5658721923828,188.0,63741.69921875,2022-03-22 00:40:05,63741.7,133.6247276688453,134.18778732632734,133.04190587997437
131.75657653808594,189.0,63887.6015625,2022-03-22 13:44:29,63887.6,132.26,134.33476950881885,133.00771617889404
136.21261596679688,190.0,64033.5,2022-03-23 09:46:16,64033.5,139.576536643026,134.32079527803955,132.77309718276516
130.73367309570312,191.0,64107.1015625,,,,,132.7611904144287
132.55897521972656,192.0,64341.5,2022-03-23 20:36:20,64341.5,140.99137931034485,134.52572542765273,132.72770367246684
131.97271728515625,193.0,64482.6015625,2022-03-24 00:43:41,64482.6,134.1341463414634,134.2254483582063,132.6249804496765
133.40377807617188,194.0,64713.1015625,2022-03-24 15:23:43,64713.1,135.54371584699453,134.0103355352994,132.6649875640869
133.2587890625,195.0,64916.19921875,2022-03-24 23:22:44,64916.2,136.63970588235293,134.08057417909023,132.76245975494385
132.35775756835938,196.0,65034.8984375,2022-03-25 12:17:25,65034.9,129.61148504273504,134.20897966186098,132.69784250567037
129.3565216064453,197.0,65083.0,2022-03-25 15:34:26,65083.0,129.2097222222222,134.02796615439888,132.70627069473267
137.3736572265625,198.0,65316.30078125,2022-03-25 22:42:37,65316.3,131.2979797979798,133.92467488547558,132.6725029222893
134.29461669921875,199.0,65355.0,2022-03-26 00:56:38,65355.0,137.85622427983537,133.89402849054028,132.6926826028263
129.361083984375,200.0,65428.19921875,,,,,132.63935528379497
131.1966094970703,201.0,65572.203125,2022-03-27 12:06:57,65572.2,125.9180216802168,133.74326750876077,132.64285637350645
132.37355041503906,202.0,65837.203125,2022-03-27 23:38:08,65837.2,138.88086854460096,133.63123949048276,132.60990238189697
132.02731323242188,203.0,66003.203125,2022-03-28 13:31:44,66003.2,127.01041666666664,133.4247221566506,132.53375577926636
132.75994873046875,204.0,66264.1015625,2022-03-29 00:16:29,66264.1,138.6372549019608,133.3178798543096,132.39654541015625
133.2999267578125,205.0,66454.6015625,2022-03-29 14:37:28,66454.6,133.95746527777774,133.35326617550476,132.41304111480713
128.89260864257812,206.0,66454.6015625,,,,,132.41304111480713
134.56797790527344,207.0,66641.0,,,,,132.3096175655242
131.51705932617188,208.0,66783.296875,2022-03-30 01:57:30,66783.3,133.81071937321934,132.92363788269827,132.3096175655242
132.51226806640625,209.0,66977.203125,2022-03-31 01:56:01,66977.2,133.65406378600824,132.8320615609911,132.25743841355848
133.06689453125,210.0,67119.296875,2022-03-31 12:41:10,67119.3,127.2855392156863,132.67547572016574,132.239014656313
132.43417358398438,211.0,67390.0,2022-03-31 23:14:38,67390.0,137.5553125,132.5123367480451,132.12642574310303
132.96754455566406,212.0,67552.6015625,2022-04-01 12:50:49,67552.6,129.68364197530866,132.36818774144848,132.1252692437941
132.2910614013672,213.0,67624.1015625,2022-04-01 16:36:49,67624.1,128.4972222222222,132.50871353509928,132.21113044984878
132.87130737304688,214.0,67737.703125,2022-04-01 22:16:24,67737.7,139.55128205128204,132.47325626405782,132.22016763687134
133.35861206054688,215.0,67845.0,2022-04-02 16:59:11,67845.0,133.09722222222223,132.5152304235606,132.0539260372039
132.75839233398438,216.0,68065.1015625,2022-04-03 00:38:02,68065.1,132.77364864864865,132.31741583629116,132.10882975260418
131.070068359375,217.0,68083.703125,2022-04-03 02:00:33,68083.7,129.25599747474746,132.56354638075558,132.14028562348466
131.767578125,218.0,68350.203125,2022-04-03 17:03:10,68350.2,132.1531986531986,132.16141804884376,132.0851842244466
131.14866638183594,219.0,68579.1015625,2022-04-04 01:47:16,68579.1,134.13618326118328,132.31238687168758,132.08479715983074
131.16712951660156,220.0,68720.6015625,2022-04-04 14:16:29,68720.6,129.92168209876544,132.31238687168758,132.03032364383822
132.28443908691406,221.0,68916.0,2022-04-05 00:47:05,68916.0,133.25081699346407,132.03464523015916,132.06143236160278
131.32711791992188,222.0,69063.0,2022-04-05 13:07:18,69063.0,127.54694444444443,131.95773242825442,132.1257766723633
130.94142150878906,223.0,69326.8984375,2022-04-06 00:43:26,69326.9,138.4272423025435,131.88052463888087,131.9889205406452
131.40158081054688,224.0,69521.6015625,2022-04-06 14:40:31,69521.6,129.74974279835388,131.80891675350708,131.98085811220366
131.97776794433594,225.0,69723.8984375,2022-04-07 00:33:28,69723.9,134.3363095238095,131.99671836026087,131.933246866862
130.0621795654297,226.0,69834.296875,2022-04-07 13:37:47,69834.3,129.15185185185186,131.77925703325786,131.88502256331904
133.4542694091797,227.0,69928.203125,2022-04-08 12:02:43,69928.2,129.70268199233718,131.53858805547694,131.86671752929686
132.01821899414062,228.0,70058.0,2022-04-08 17:43:28,70058.0,133.14444444444445,131.78730204724647,131.856955464681
132.5003204345703,229.0,70226.0,2022-04-09 00:16:49,70226.0,131.4804526748971,132.06498023415432,131.88695678710937
133.24888610839844,230.0,70502.3984375,,,,,131.79126637776693
131.77610778808594,231.0,70631.8984375,2022-04-10 00:47:53,70631.9,128.4255319148936,131.60456813905483,131.7824832371303
131.08468627929688,232.0,70847.5,,,,,131.78307342529297
132.0157012939453,233.0,71025.0,2022-04-10 23:23:56,71025.0,130.93560606060606,131.46661791400737,131.67136789957684
130.3961181640625,234.0,71114.703125,,,,,131.65481618245443
132.84597778320312,235.0,71275.1015625,,,,,131.69407450358074
132.9397735595703,236.0,71402.0,2022-04-12 14:33:06,71402.0,131.41597222222222,131.30005701877687,131.69407450358074
129.9904327392578,237.0,71671.3984375,,,,,131.72958628336588
132.27845764160156,238.0,71851.0,2022-04-13 14:46:06,71851.0,131.93547453703704,131.33139532577596,131.80060628255208
132.82968139648438,239.0,72095.203125,,,,,131.81451161702475
130.78973388671875,240.0,72210.0,2022-04-14 12:01:10,72210.0,131.79277777777776,131.53222927415672,131.81451161702475
130.43829345703125,241.0,72307.703125,2022-04-14 15:30:31,72307.7,126.5601851851852,131.40477108099068,131.80888208849677
132.6746826171875,242.0,72497.796875,2022-04-15 00:50:21,72497.8,135.6527777777778,131.56203908872894,131.8337560193292
133.19110107421875,243.0,72684.6015625,2022-04-15 15:23:31,72684.6,135.16149870801033,131.43329577322092,131.7769805908203
131.97528076171875,244.0,72861.5,2022-04-15 23:50:21,72861.5,132.41312636165574,131.4310502064744,131.75203783758755
131.38392639160156,245.0,73002.203125,2022-04-16 13:50:06,73002.2,128.00599747474746,131.6430375262633,131.76223907470703
131.36265563964844,246.0,73170.703125,2022-04-17 01:36:40,73170.7,128.95991161616163,131.8140010026346,131.7346033556708
132.2200164794922,247.0,73343.5,2022-04-17 12:52:04,73343.5,131.62500000000003,131.8650575365223,131.76695302327474
128.41641235351562,248.0,73408.796875,,,,,131.79047946272226
130.65211486816406,249.0,73561.5,2022-04-17 23:32:45,73561.5,128.68529810298105,132.1170958783527,131.87806964742725
132.34487915039062,250.0,73744.6015625,2022-04-18 14:48:54,73744.6,131.54166666666669,131.9330426158989,131.9133560180664
131.42953491210938,251.0,73912.6015625,2022-04-18 23:13:48,73912.6,129.65629629629632,132.10307039367663,131.8735235806169
133.24737548828125,252.0,74132.296875,2022-04-19 15:20:47,74132.3,133.8183962264151,132.10307039367663,131.8735235806169
133.072021484375,253.0,74308.3984375,2022-04-20 00:30:53,74308.4,136.4710922787194,132.18793750871274,131.96252757105333
131.81874084472656,254.0,74511.296875,2022-04-20 14:56:29,74511.3,134.36892361111111,132.01986404923483,131.91614837646483
133.37843322753906,255.0,74814.0,2022-04-21 13:08:03,74814.0,133.5108585858586,132.16590989891034,131.9591064453125
130.85935974121094,256.0,74886.203125,2022-04-21 16:12:14,74886.2,128.80357142857142,132.17158112198072,131.91145640406114
131.59722900390625,257.0,75066.5,2022-04-22 00:05:45,75066.5,130.312091503268,131.9944681115344,131.89254865975215
130.55148315429688,258.0,75177.6015625,,,,,131.9068583170573
132.05807495117188,259.0,75438.796875,2022-04-23 00:05:06,75438.8,136.09477124183007,131.9235319055615,131.89103961813038
132.46131896972656,260.0,75613.296875,2022-04-23 14:43:15,75613.3,132.18672839506172,132.2229418705965,132.00593882593614
132.70509338378906,261.0,75795.203125,2022-04-24 12:58:03,75795.2,132.98830128205128,132.43547952584248,132.0394602808459
134.55581665039062,262.0,76051.5,2022-04-24 22:06:17,76051.5,136.7324879227053,132.2761659574664,132.1269099794585
132.1790008544922,263.0,76082.703125,2022-04-24 23:55:28,76082.7,132.26976495726495,132.41980067164582,132.1795812334333
131.15377807617188,264.0,76181.0,2022-04-25 06:16:48,76181.0,127.3630952380952,132.43222886593622,132.2093963623047
132.71725463867188,265.0,76386.8984375,2022-04-25 13:27:49,76386.9,135.66666666666666,132.49223058296923,132.22852667446793
132.57154846191406,266.0,76697.6015625,2022-04-26 00:33:08,76697.6,134.3096153846154,132.57549776194517,132.27581678118025
132.76512145996094,267.0,76905.0,2022-04-26 11:58:39,76905.0,132.81770833333331,132.41318132374624,132.24494171142578
130.08448791503906,268.0,76989.703125,2022-04-26 15:46:19,76989.7,126.76772030651344,132.40380791695026,132.24167606748384
131.42823791503906,269.0,77176.6015625,2022-04-26 23:28:18,77176.6,130.130291005291,132.17448956899702,132.23473279229526
130.57725524902344,270.0,77333.6015625,2022-04-27 09:12:37,77333.6,132.3190329218107,132.12132506683253,132.2061241412985
132.12635803222656,271.0,77434.0,2022-04-27 14:35:38,77434.0,130.8707264957265,132.1627254195662,132.2329548802869
132.32183837890625,272.0,77633.703125,2022-04-28 00:33:02,77633.7,133.73581560283688,132.23037643957016,132.21780027192216
132.80078125,273.0,77816.296875,,,,,132.22785135904948
134.71600341796875,274.0,78023.5,2022-04-28 23:54:21,78023.5,135.79065656565655,132.04998382498863,132.2337057179418
132.33477783203125,275.0,78239.3984375,2022-04-29 13:39:17,78239.4,134.48589065255732,132.11053205888044,132.24411061604818
132.3382568359375,276.0,78329.296875,,,,,132.21495107014974
130.83421325683594,277.0,78470.8984375,2022-04-29 23:36:59,78470.9,127.48284722222223,131.95425752580036,132.21495107014974
133.04421997070312,278.0,78634.796875,2022-04-30 04:06:10,78634.8,132.7429337231969,131.87168631182652,132.1272930276805
132.899658203125,279.0,78886.703125,2022-04-30 23:15:17,78886.7,133.1017113095238,132.22205829822792,132.18626140726025
133.7725067138672,280.0,79110.0,2022-05-01 12:19:13,79110.0,133.0641414141414,132.16657567988474,132.17968329067887
132.20751953125,281.0,79345.1015625,,,,,132.17425116177262
132.15023803710938,282.0,79439.703125,2022-05-02 02:29:43,79439.7,132.17884615384617,132.14824298058437,132.15314865112305
131.6173858642578,283.0,79542.796875,2022-05-02 16:05:39,79542.8,128.63596491228068,132.55042049311015,132.2581525530134
132.5487823486328,284.0,79732.296875,2022-05-03 06:01:48,79732.3,132.18174603174603,132.4151206304887,132.19462638065733
131.637451171875,285.0,79870.0,2022-05-03 12:16:24,79870.0,129.83858024691358,132.30033572284202,132.25569468531114
131.15774536132812,286.0,80059.796875,2022-05-03 16:36:20,80059.8,132.00336700336698,132.5244250349722,132.2890404010641
130.6185760498047,287.0,80150.5,2022-05-03 20:55:01,80150.5,130.24377394636014,132.47596941225763,132.27747844827587
132.45223999023438,288.0,80252.1015625,2022-05-04 02:56:50,80252.1,133.39116575591984,132.61303664059108,132.3072052001953
132.91506958007812,289.0,80569.0,2022-05-05 10:25:19,80569.0,134.98067632850243,132.58026897721996,132.23370677027208
132.09210205078125,290.0,80662.8984375,2022-05-05 14:55:20,80662.9,130.89083820662768,132.58026897721996,132.37029266357422
131.83030700683594,291.0,80804.796875,2022-05-05 23:44:35,80804.8,128.7688888888889,132.57563845504558,132.36273193359375
131.977783203125,292.0,81040.8984375,2022-05-06 14:57:34,81040.9,134.9011437908497,132.88017031863995,132.4676040649414
132.86386108398438,293.0,81269.1015625,2022-05-06 23:10:15,81269.1,136.47276688453158,132.9071773480345,132.4485112508138
132.5264892578125,294.0,81428.8984375,2022-05-07 12:27:14,81428.9,134.2241185897436,132.89939598957494,132.56720835367838
132.4140167236328,295.0,81713.203125,2022-05-08 11:46:24,81713.2,134.50243055555555,132.89253159688465,132.54332377115887
133.02459716796875,296.0,81953.5,2022-05-08 23:04:28,81953.5,136.82215811965813,133.13503468456489,132.56270650227864
131.1977081298828,297.0,82103.0,2022-05-09 09:32:49,82103.0,131.3874521072797,133.32378412226169,132.52422688802082
130.64642333984375,298.0,82175.1015625,2022-05-09 15:41:20,82175.1,127.77546296296296,133.32378412226169,132.52422688802082
132.34823608398438,299.0,82318.0,2022-05-09 23:09:52,82318.0,129.33462532299745,133.37136904269985,132.6059087117513
133.0933837890625,300.0,82493.203125,2022-05-10 12:32:40,82493.2,136.69704861111111,133.4036251610341,132.5888952439831
131.98654174804688,301.0,82635.703125,,,,,132.62500344553303
133.16928100585938,302.0,82750.8984375,2022-05-11 00:18:32,82750.9,136.0397173489279,133.55558448035924,132.69188435872397
133.078125,303.0,82921.296875,2022-05-11 12:45:47,82921.3,134.93869731800768,133.5627331205522,132.7001479576374
136.33128356933594,304.0,83106.3984375,,,,,132.62126770019532
132.1079559326172,305.0,83182.0,2022-05-12 00:15:50,83182.0,134.36549707602342,133.6455105650536,132.6395147915544
134.32310485839844,306.0,83358.8984375,,,,,132.60506795247395
131.9955291748047,307.0,83528.796875,2022-05-12 17:01:51,83528.8,135.40067567567564,133.34388891699905,132.53772021878152
132.471435546875,308.0,83690.3984375,2022-05-13 00:03:59,83690.4,133.44511648745518,133.27618218335334,132.55638478597004
136.4605712890625,309.0,83863.796875,,,,,132.55845286051434
133.05596923828125,310.0,84082.296875,,,,,132.5128444548576
133.72911071777344,311.0,84266.8984375,2022-05-14 15:53:44,84266.9,135.51240079365078,132.6515131403214,132.46115016937256
131.2101287841797,312.0,84450.3984375,2022-05-14 23:27:09,84450.4,135.62155414908577,132.58949873630183,132.45543786251184
130.46299743652344,313.0,84501.8984375,2022-05-15 06:04:05,84501.9,133.35470085470084,132.413137928662,132.4376516342163
134.99923706054688,314.0,84700.1015625,,,,,132.5780491982737
132.2283935546875,315.0,84883.796875,2022-05-15 22:53:58,84883.8,135.90088383838386,132.93918666462875,132.4477268342049
131.487548828125,316.0,84911.0,2022-05-16 00:55:38,84911.0,128.11546840958604,132.93918666462875,132.4477268342049
132.277099609375,317.0,85124.5,2022-05-16 09:57:16,85124.5,132.49053945249597,132.5938697426658,132.3560528755188
131.1034698486328,318.0,85438.3984375,2022-05-16 18:52:07,85438.4,134.46574074074073,132.23055967591858,132.28440761566162
132.1453399658203,319.0,85570.0,2022-05-16 23:44:28,85570.0,133.30965501792113,132.27616298804656,132.2522939046224
131.5926513671875,320.0,85729.8984375,,,,,132.12536965647053
131.84376525878906,321.0,85855.296875,2022-05-17 16:23:23,85855.3,127.2872685185185,132.43090706198907,132.11943609064275
130.5172882080078,322.0,86018.0,2022-05-17 22:47:44,86018.0,127.88821138211382,132.43090706198907,132.0505714416504
132.9259033203125,323.0,86217.3984375,2022-05-18 14:46:16,86217.4,130.9774691358025,132.2551254754837,132.0409255027771
132.6463623046875,324.0,86436.8984375,2022-05-18 23:43:07,86436.9,134.65104166666666,132.13214149686192,131.89300394058228
131.02471923828125,325.0,86572.5,2022-05-19 11:38:22,86572.5,128.69806763285024,132.21971938183324,131.8564970999053
131.90394592285156,326.0,86627.796875,2022-05-19 13:56:42,86627.8,129.15686274509807,132.21971938183324,131.81901359558105
131.3686981201172,327.0,86675.1015625,,,,,131.81901359558105
132.27264404296875,328.0,86848.296875,2022-05-19 23:01:34,86848.3,131.1011530398323,131.98000053283874,131.7492754387133
133.75880432128906,329.0,87094.8984375,2022-05-20 14:15:06,87094.9,135.63111111111112,131.8008486064777,131.89275074005127
128.30824279785156,330.0,87298.296875,2022-05-20 23:27:37,87298.3,132.5524122807017,131.8162331372888,131.72132921218872
131.66403198242188,331.0,87490.0,2022-05-21 12:46:59,87490.0,133.90410052910056,131.73845499600324,131.72664863832534
130.94351196289062,332.0,87490.0,2022-05-21 13:07:19,87490.0,127.44452861952864,131.73845499600324,131.72664863832534
132.39859008789062,333.0,87756.6015625,2022-05-22 08:38:05,87756.6,138.39707977207976,131.78812477994185,131.72585248947144
132.10302734375,334.0,87790.8984375,2022-05-22 11:07:16,87790.9,128.14451058201058,131.78812477994185,131.72585248947144
131.43968200683594,335.0,87850.1015625,2022-05-22 14:51:46,87850.1,127.94794238683129,131.78812477994185,131.72585248947144
131.2246551513672,336.0,88056.1015625,2022-05-22 21:58:28,88056.1,133.41624579124576,131.6811827850369,131.68849515914917
131.82156372070312,337.0,88241.1015625,2022-05-23 10:50:31,88241.1,136.5059640522876,131.6208689986338,131.67646179199218
132.23336791992188,338.0,88346.203125,2022-05-23 13:13:02,88346.2,134.3137860082305,131.7831810596946,131.6593885421753
131.72482299804688,339.0,88569.5,2022-05-23 23:08:55,88569.5,134.13406432748536,131.92630911034894,131.65953211630546
132.4334716796875,340.0,88712.1015625,2022-05-24 10:51:17,88712.1,129.965625,131.90500894571773,131.66602087020874
131.72708129882812,341.0,88825.1015625,2022-05-24 15:26:48,88825.1,128.81157407407412,131.9381353675004,131.57402086257935
130.6882781982422,342.0,89026.703125,2022-05-24 23:16:29,89026.7,134.6719001610306,131.83765735642018,131.53942920315652
131.42697143554688,343.0,89195.8984375,2022-05-25 12:50:11,89195.9,130.83746246246247,132.0910909947863,131.55897995521283
131.81979370117188,344.0,89340.0,2022-05-25 15:26:41,89340.0,129.70309224318655,132.1172562509073,131.661420694987
134.5150604248047,345.0,89551.796875,,,,,131.64039070375503
129.5137481689453,346.0,89771.3984375,2022-05-26 23:32:40,89771.4,132.247,132.1030847076275,131.59532657746345
132.15951538085938,347.0,89943.203125,2022-05-27 12:21:26,89943.2,130.02233115468408,132.17989692708855,131.73150142546623
132.28292846679688,348.0,90111.703125,,,,,131.76100000841865
131.69534301757812,349.0,90249.8984375,2022-05-27 23:07:48,90249.9,133.88129340277777,132.29571095422503,131.8335220336914
129.9080352783203,350.0,90551.703125,2022-05-28 10:41:22,90551.7,131.47136488340195,132.42575928759427,131.65872655596053
130.49314880371094,351.0,90794.203125,2022-05-28 20:51:43,90794.2,134.72395833333331,132.35829727491844,131.6368579864502
132.3134307861328,352.0,90843.0,2022-05-28 23:36:43,90843.0,133.22482943469788,132.35829727491844,131.6368579864502
130.70611572265625,353.0,90934.0,2022-05-29 08:29:51,90934.0,127.39988425925924,132.36417310776187,131.65866933550154
131.86717224121094,354.0,91200.203125,2022-05-29 16:07:02,91200.2,131.30860433604337,132.321370740439,131.62356104169572
129.98190307617188,355.0,91279.5,,,,,131.59356435139975
131.7854766845703,356.0,91550.1015625,2022-05-30 11:58:51,91550.1,132.60654761904763,132.63504925685163,131.67588776808518
134.6322021484375,357.0,91772.3984375,2022-05-30 22:55:57,91772.4,132.7975529100529,132.59046747650444,131.81126758030481
131.41647338867188,358.0,91917.203125,2022-05-31 12:27:41,91917.2,133.2116111111111,132.64882440539608,131.840911592756
131.86566162109375,359.0,91957.3984375,2022-05-31 14:25:12,91957.4,133.77858293075684,132.64882440539608,131.840911592756
132.36181640625,360.0,92190.8984375,2022-05-31 23:14:21,92190.9,131.46252314814816,132.5545139412575,131.78135871887207
132.5296630859375,361.0,92436.8984375,2022-06-01 09:43:05,92436.9,134.703154425612,132.5504026313261,131.83851071061758
133.93666076660156,362.0,92684.703125,,,,,131.7861886705671
127.3799819946289,363.0,92860.6015625,2022-06-01 23:36:27,92860.6,133.01927083333334,132.36373811843228,131.80286543709892
131.7545166015625,364.0,93102.703125,2022-06-02 12:30:29,93102.7,132.9425064599483,132.41145518241714,131.879855292184
130.67938232421875,365.0,93256.8984375,2022-06-02 19:18:07,93256.9,135.36061507936512,132.3244278034321,131.8919669841898
132.84408569335938,366.0,93382.703125,2022-06-03 06:52:19,93382.7,134.45480599647266,132.1924305169854,131.92816529450593
130.74179077148438,367.0,93566.1015625,2022-06-03 13:40:38,93566.1,133.10680751173706,132.39066682510204,132.00986819797092
132.9622039794922,368.0,93848.8984375,2022-06-04 11:56:25,93848.9,135.707285115304,132.43575276214617,131.99043083190918
131.357421875,370.0,94071.703125,2022-06-04 22:40:47,94071.7,133.72470238095238,132.2562125407078,131.99921880449568
134.62066650390625,369.0,94071.703125,2022-06-04 21:59:56,94071.7,132.42593599033816,132.2562125407078,131.99921880449568
132.59129333496094,371.0,94210.1015625,2022-06-05 14:47:23,94210.1,128.88695987654322,132.15427924044795,131.9649309794108
132.6498260498047,372.0,94340.203125,2022-06-05 22:02:24,94340.2,131.10365853658536,132.12854829366375,131.87295611151333
132.8475799560547,373.0,94487.0,2022-06-06 06:10:05,94487.0,130.29106280193233,131.93758718164813,131.89126297523237
132.7431640625,374.0,94694.296875,2022-06-06 14:10:47,94694.3,133.5099902534113,131.95824213962638,131.87445749555314
130.2093505859375,375.0,94898.296875,2022-06-06 22:14:18,94898.3,131.18462962962963,131.88333491936493,131.82157363891602
131.138916015625,376.0,95037.703125,2022-06-07 12:18:36,95037.7,126.91927083333331,131.80295067782433,131.80775934855143
132.16229248046875,377.0,95282.6015625,2022-06-07 21:18:37,95282.6,132.1310763888889,131.89661232847612,131.71944033715033
132.06375122070312,378.0,95435.3984375,2022-06-08 11:34:17,95435.4,132.71200854700854,131.85170598828185,131.8640889485677
132.23109436035156,379.0,95679.5,2022-06-08 23:41:49,95679.5,130.06171594982078,131.70710867601372,131.78216798843877
132.91209411621094,380.0,95944.5,2022-06-09 13:01:16,95944.5,132.35579196217492,131.35540349483554,131.77215016682942
133.39112854003906,381.0,96130.5,,,,,131.71105337142944
130.67044067382812,382.0,96130.5,,,,,131.71105337142944
129.2531280517578,383.0,96192.1015625,,,,,131.71105337142944
132.0315399169922,384.0,96403.3984375,2022-06-10 09:09:43,96403.4,128.29758230452677,130.87685134011912,131.6501007080078
131.2311553955078,385.0,96610.0,2022-06-10 16:53:33,96610.0,131.06185897435896,130.7853084610228,131.52742053616433
131.7386474609375,386.0,96704.6015625,2022-06-10 21:58:54,96704.6,130.8003003003003,130.87939118059936,131.41551661491394
132.02365112304688,387.0,96952.0,,,,,131.33881132064326
131.7893829345703,388.0,96973.0,2022-06-11 17:06:22,96973.0,130.27857905982904,130.9530646784356,131.32370686531067
131.90536499023438,389.0,97244.703125,2022-06-12 06:27:15,97244.7,133.86070853462158,130.703054592929,131.21297110280682
130.2570343017578,390.0,97367.296875,2022-06-12 11:55:35,97367.3,128.18309523809526,130.62242136584268,131.2197391986847
132.115234375,391.0,97535.5,2022-06-13 12:32:40,97535.5,132.6935483870968,130.49927707571922,131.16788506507874
131.93307495117188,392.0,97681.5,2022-06-13 18:40:01,97681.5,134.23815359477123,130.49030133460514,131.15456223487854
131.07345581054688,393.0,97740.296875,,,,,131.15456223487854
131.0380401611328,394.0,98009.5,2022-06-14 13:32:35,98009.5,132.5216894977169,130.32096782475674,131.1122340540732
130.041015625,395.0,98078.203125,2022-06-15 05:13:13,98078.2,128.51299283154125,130.39408236730347,131.13866019248962
131.44076538085938,396.0,98259.796875,2022-06-15 12:29:04,98259.8,129.31568287037035,130.26671215763903,131.1207411289215
132.73619079589844,397.0,98457.203125,2022-06-15 22:28:55,98457.2,132.58908333333332,130.32613431399673,131.05138421058655
129.67823791503906,398.0,98502.0,,,,,131.11125668612394
129.91656494140625,399.0,98616.8984375,2022-06-16 05:57:37,98616.9,127.37294238683128,130.36683894143687,131.11125668612394
131.01171875,400.0,98786.8984375,2022-06-16 13:05:25,98786.9,127.76511437908496,130.47247334112518,131.14647034675843
130.52490234375,401.0,98942.8984375,2022-06-16 18:42:06,98942.9,132.98521505376343,130.6134546078009,130.97750639915466
127.94649505615234,402.0,99159.5,2022-06-17 00:16:06,99159.5,133.23145917001338,130.59692488447175,131.00814175605774
131.44773864746094,403.0,99301.296875,,,,,130.98457705590033
130.85546875,404.0,99457.3984375,,,,,130.87249632804625
130.834228515625,405.0,99609.0,2022-06-18 01:34:29,99609.0,127.09775641025638,130.52106742954032,130.83685770342427
131.42955017089844,406.0,99773.3984375,2022-06-18 06:10:39,99773.4,128.76785714285714,130.44786131037768,130.83290223152406
128.55001831054688,407.0,100009.296875,2022-06-19 04:49:52,100009.3,128.22916666666669,130.39042219687065,130.86115363336378
130.71258544921875,408.0,100119.3984375,2022-06-19 15:35:50,100119.4,126.70385304659496,130.3161603452442,130.85593709638042
131.75930786132812,409.0,100317.296875,2022-06-20 00:01:31,100317.3,130.45811287477954,130.28369557096238,130.75895055135092
131.95787048339844,410.0,100526.1015625,2022-06-20 12:31:33,100526.1,132.07571684587816,130.31316132438704,130.77801183064778
131.65768432617188,411.0,100633.3984375,2022-06-20 16:37:04,100633.4,127.0048309178744,130.52491847815637,130.8183926900228
130.6926727294922,412.0,100811.1015625,2022-06-20 22:38:55,100811.1,133.78192371475953,130.57530329514745,130.85859196980795
133.0271759033203,413.0,101000.1015625,2022-06-21 08:21:28,101000.1,131.34374999999997,130.51037131509045,130.81178751299458
132.18380737304688,414.0,101183.8984375,2022-06-21 15:25:39,101183.9,133.11333333333332,130.64533118091694,130.92453791300457
129.66262817382812,415.0,101334.6015625,2022-06-21 23:49:55,101334.6,131.96309523809524,130.66120444832734,130.88153762817382
128.10853576660156,416.0,101402.203125,,,,,130.88153762817382
132.21148681640625,417.0,101642.3984375,2022-06-22 12:45:59,101642.4,130.63208616780045,130.53423650842572,130.9144650777181
128.5491485595703,418.0,101891.1015625,2022-06-22 23:07:24,101891.1,128.58551810237205,130.7455610976082,131.03194427490234
130.68458557128906,419.0,101981.796875,,,,,131.03802963783002
131.78274536132812,420.0,102178.203125,2022-06-23 13:34:11,102178.2,132.03055555555557,131.0118977547782,131.08872617524247
131.13282775878906,421.0,102308.296875,2022-06-24 01:19:31,102308.3,126.7471174004193,131.10539944694156,131.1723359206627
131.95352172851562,422.0,102536.296875,2022-06-24 15:34:07,102536.3,130.83700209643607,131.25539852836428,131.28380137476427
129.24099731445312,423.0,102712.703125,2022-06-25 03:06:20,102712.7,133.4265342377261,131.45329181018033,131.5338055840854
131.60987854003906,424.0,102944.5,2022-06-25 12:28:00,102944.5,133.25833333333333,131.4985272163349,131.49949172447467
131.25244140625,425.0,103094.8984375,2022-06-25 18:04:31,103094.9,133.80692167577416,131.4740694596509,131.4893940892713
132.64674377441406,426.0,103228.0,,,,,131.49607901737608
131.96875,427.0,103375.296875,2022-06-26 11:36:57,103375.3,131.03071581196582,131.3659985124947,131.45602010091145
130.1750946044922,428.0,103470.5,,,,,131.44676503827495
132.16552734375,429.0,103632.5,2022-06-27 11:41:15,103632.5,130.61197916666666,131.18161725292128,131.39408467610676
129.72171020507812,430.0,103771.0,2022-06-27 18:26:06,103771.0,128.14607279693485,131.1127506474916,131.3424062093099
131.51272583007812,431.0,103917.796875,2022-06-28 00:48:24,103917.8,129.93798449612405,131.21912573375798,131.57452024262528
131.49124145507812,432.0,104167.703125,2022-06-28 13:50:56,104167.7,135.96772875816995,131.32800338479737,131.5264603187298
131.4273681640625,433.0,104361.1015625,2022-06-28 23:01:48,104361.1,133.08108164983165,131.3277348258898,131.66238993983114
132.30442810058594,434.0,104649.796875,2022-06-29 12:48:46,104649.8,133.7561728395062,131.50719423244297,131.78398033880418
133.85423278808594,435.0,104776.1015625,,,,,131.78402150472004
131.7825164794922,436.0,104903.296875,2022-06-30 01:41:11,104903.3,131.82914462081126,131.77666272134394,131.70463104248046
137.96270751953125,437.0,105156.8984375,,,,,131.72828826904296
130.7642059326172,438.0,105364.5,,,,,131.7723127795804
131.6650390625,439.0,105484.6015625,2022-07-01 18:02:31,105484.6,131.5376461988304,131.3754638404708,131.7603720388105
131.85154724121094,440.0,105628.1015625,2022-07-02 00:12:58,105628.1,131.7166666666667,131.26974828241416,131.77730305989584
130.57614135742188,441.0,105730.8984375,2022-07-02 08:08:14,105730.9,126.4522222222222,131.26974828241416,131.7473223456021
130.4108428955078,442.0,105858.3984375,2022-07-02 12:34:55,105858.4,131.60630341880344,131.1477696833453,131.73374786376954
131.1691131591797,443.0,105940.6015625,2022-07-02 14:53:16,105940.6,127.10298102981034,131.28174869623055,131.7431869506836
130.63345336914062,444.0,106144.0,2022-07-03 01:16:29,106144.0,131.5294014084507,131.3928095236357,131.7863401215652
133.16006469726562,445.0,106335.8984375,2022-07-03 15:38:16,106335.9,134.40972222222223,131.57456026120224,131.78301312846523
130.8177490234375,446.0,106535.796875,2022-07-04 00:57:38,106535.8,133.1362721417069,131.7017203685368,131.73628997802734
132.7683868408203,447.0,106708.6015625,2022-07-04 10:52:08,106708.6,131.32155797101447,131.47131280551156,131.75375366210938
134.49835205078125,448.0,106841.3984375,,,,,131.75855601917613
131.9116973876953,449.0,106924.0,,,,,131.77144599683356
131.09133911132812,450.0,107046.703125,2022-07-05 13:25:38,107046.7,132.89254385964912,131.42180192537083,131.7468921436983
128.75111389160156,451.0,107370.703125,2022-07-06 04:25:04,107370.7,133.46825396825398,131.23390825205684,131.63028477260045
132.66323852539062,452.0,107587.6015625,2022-07-06 19:05:03,107587.6,135.8295138888889,131.1034529261992,131.59651881626675
131.54238891601562,453.0,107683.703125,2022-07-06 23:47:24,107683.7,127.48680555555556,131.12043764033533,131.4107199532645
130.79165649414062,454.0,107856.203125,2022-07-07 07:57:35,107856.2,128.66792929292927,131.13927024438942,131.4007042778863
131.23971557617188,455.0,107963.0,2022-07-07 12:41:35,107963.0,127.68551051051054,131.12133415285587,131.3769154018826
131.340087890625,456.0,108318.5,2022-07-08 13:18:10,108318.5,128.3422619047619,130.9464545038649,131.36023924085828
132.25192260742188,457.0,108375.703125,2022-07-09 05:10:47,108375.7,134.24621212121215,130.92516905499593,131.38736485072545
131.848876953125,458.0,108490.3984375,2022-07-10 09:54:47,108490.4,133.27743902439028,131.05257532250212,131.39378401812385
132.58799743652344,459.0,108646.703125,2022-07-10 19:12:18,108646.7,135.13927469135805,130.58166729078056,131.4938095940484
130.8058319091797,460.0,108702.6015625,2022-07-10 22:03:59,108702.6,128.94337606837607,130.58166729078056,131.4938095940484
129.79742431640625,461.0,108758.296875,,,,,131.4787511052312
131.3189697265625,462.0,108893.1015625,,,,,131.40489732896958
130.48162841796875,463.0,109031.1015625,2022-07-11 18:05:57,109031.1,133.1169871794872,129.940141885319,131.40267743562399
132.05007934570312,464.0,109110.6015625,2022-07-11 21:15:07,109110.6,130.20753968253968,129.84026281480686,131.418486311629
131.9122314453125,465.0,109244.703125,2022-07-12 10:03:48,109244.7,136.00347222222223,129.7924791000905,131.38470623944258
131.8527374267578,466.0,109355.5,2022-07-12 15:19:09,109355.5,129.35324947589095,129.72668350928816,131.23283466539885
130.93661499023438,467.0,109509.703125,2022-07-12 21:55:37,109509.7,129.3301917989418,129.61983252372085,131.19792616994758
130.7103729248047,468.0,109661.1015625,2022-07-13 10:05:03,109661.1,128.93576388888889,129.63083613569196,131.21419444837068
130.96035766601562,469.0,109738.0,2022-07-13 13:26:34,109738.0,126.78428819444446,129.4776581844761,131.18413758889224
132.153564453125,470.0,109829.6015625,2022-07-14 05:07:21,109829.6,135.43080808080808,129.4776581844761,131.18413758889224
130.6007080078125,471.0,109910.0,2022-07-14 15:06:40,109910.0,128.04594017094018,129.45050833564767,131.23562582945212
131.45974731445312,472.0,110111.203125,2022-07-14 22:58:53,110111.2,131.6129943502825,129.37794478995914,131.18710718399439
131.05015563964844,473.0,110258.296875,2022-07-15 13:08:01,110258.3,131.70424836601308,129.34923554820523,131.14901390075684
129.90780639648438,474.0,110392.703125,2022-07-15 19:09:22,110392.7,130.56531531531527,129.3687014412131,131.1581769111829
130.92025756835938,475.0,110496.0,2022-07-15 23:11:10,110496.0,126.87268518518518,129.45046337321313,131.16114494128104
130.9512939453125,476.0,110596.203125,2022-07-16 04:54:31,110596.2,126.47459349593495,129.45046337321313,131.16114494128104
131.62083435058594,477.0,110805.203125,2022-07-16 12:01:44,110805.2,130.7631076388889,129.64744756710635,131.26593501393387
135.3494110107422,478.0,111083.8984375,,,,,131.2459419446114
131.7183837890625,479.0,111083.8984375,2022-07-17 00:05:16,111083.9,123.44867149758454,129.6080033498641,131.2459419446114
129.9541473388672,480.0,111124.296875,2022-07-17 02:03:06,111124.3,124.53515625000004,129.6080033498641,131.2459419446114
130.9366455078125,481.0,111210.3984375,2022-07-17 04:54:27,111210.4,123.74922839506172,129.53914679054623,131.2426175569233
130.42747497558594,482.0,111311.296875,2022-07-17 08:24:27,111311.3,125.1412037037037,129.53914679054623,131.24080256411904
131.32054138183594,483.0,111419.1015625,2022-07-17 12:39:28,111419.1,125.51228632478632,129.53914679054623,131.23868993810706
131.51852416992188,484.0,111646.1015625,,,,,131.28915199073586
130.19735717773438,485.0,111745.796875,2022-07-18 00:10:10,111745.8,133.3859259259259,129.68009983873563,131.274479634053
129.91458129882812,486.0,111838.8984375,2022-07-18 05:28:01,111838.9,124.02777777777776,129.67784859362203,131.30121331465872
130.58517456054688,487.0,111961.0,2022-07-18 13:10:22,111961.0,126.09375,129.687684930523,131.28630725757495
131.70953369140625,488.0,112160.0,2022-07-18 21:25:14,112160.0,133.26666666666665,129.65035260983845,131.31018789190995
130.04197692871094,489.0,112174.0,2022-07-18 23:14:46,112174.0,124.26960784313724,129.6720068135036,131.3263991072371
130.7591552734375,490.0,112372.1015625,2022-07-19 09:44:16,112372.1,132.51800925925926,129.5793912442054,131.31322413853238
130.77101135253906,491.0,112534.796875,2022-07-19 16:32:58,112534.8,133.28978978978978,129.79346788768913,131.3201412624783
129.5796661376953,492.0,112630.0,2022-07-19 21:32:58,112630.0,125.54783950617283,129.73281700560267,131.31615251813616
131.6260986328125,493.0,112742.296875,2022-07-20 01:19:18,112742.3,130.28337813620072,129.91368560509108,131.3568467034234
131.35546875,494.0,112915.0,2022-07-20 05:54:23,112915.0,130.54717813051147,129.9365042194811,131.35892028808593
135.15554809570312,495.0,113136.5,,,,,131.38081494499656
131.463134765625,496.0,113290.3984375,2022-07-20 17:35:41,113290.4,136.54189435336974,130.25937982268695,131.3218998500279
132.12928771972656,497.0,113480.203125,2022-07-20 23:14:32,113480.2,135.2299145299145,129.95500713542253,131.29157511393228
132.0215606689453,498.0,113666.6015625,2022-07-21 08:54:52,113666.6,132.20238095238096,130.2303075201851,131.19798191615513
129.72845458984375,499.0,113717.0,,,,,131.2056682811064
133.1895751953125,500.0,113940.8984375,2022-07-22 12:30:00,113940.9,135.2445652173913,130.6111687863981,131.20769893761837
131.209228515625,501.0,114108.6015625,2022-07-22 19:10:41,114108.6,132.68467078189303,130.61598167870338,131.21465121998506
131.36935424804688,502.0,114173.1015625,2022-07-22 22:02:01,114173.1,136.05021367521368,130.61598167870338,131.20544294877485
132.2903594970703,503.0,114297.6015625,2022-07-23 01:33:12,114297.6,129.6035575048733,130.78228785679346,131.39861118092256
131.14114379882812,504.0,114494.3984375,2022-07-23 12:01:45,114494.4,130.20241769547326,131.01965557002163,131.46263215036103
131.98924255371094,505.0,114613.8984375,2022-07-23 16:00:25,114613.9,127.54616013071896,130.971051193461,131.48999786376953
131.9038848876953,506.0,114879.203125,2022-07-24 00:00:37,114879.2,134.68231611893586,131.20761169398838,131.5341100692749
130.25906372070312,507.0,114939.3984375,,,,,131.50028575550425
132.78114318847656,508.0,115177.703125,2022-07-24 15:29:00,115177.7,135.3397435897436,131.2513560847665,131.59454536437988
129.67369079589844,509.0,115316.296875,2022-07-24 22:59:23,115316.3,133.0404365079365,131.2859267257867,131.5935275170111
131.25704956054688,510.0,115499.0,2022-07-25 12:03:07,115499.0,131.40439814814815,131.4334677380764,131.58357337213332
129.31878662109375,511.0,115722.3984375,2022-07-26 00:05:41,115722.4,131.62914862914866,131.70199171794243,131.47795391082764
130.86549377441406,512.0,115813.8984375,2022-07-26 05:39:28,115813.9,126.7692901234568,131.53509852361734,131.47843194776965
130.9855499267578,513.0,115897.1015625,2022-07-26 08:35:08,115897.1,124.8176440329218,131.58361762755646,131.48422527313232
130.656005859375,514.0,116084.296875,2022-07-26 14:29:39,116084.3,130.2491487455197,131.42323301217186,131.44598484039307
131.79859924316406,515.0,116156.8984375,2022-07-26 17:14:10,116156.9,126.2689909297052,131.42323301217186,131.44598484039307
130.60935974121094,516.0,116308.1015625,2022-07-26 23:10:41,116308.1,124.9870801033592,131.3963658418198,131.48404998779296
131.44407653808594,517.0,116482.703125,2022-07-27 14:55:23,116482.7,130.75555555555556,131.36603198611394,131.35200943485384
136.3998565673828,518.0,116733.1015625,2022-07-27 23:15:05,116733.1,137.01495726495725,130.9480141068589,131.3284168858682
131.57066345214844,519.0,116738.3984375,2022-07-28 00:19:05,116738.4,132.1424418604651,130.9480141068589,131.3284168858682
131.21383666992188,520.0,116841.3984375,2022-07-28 13:39:05,116841.4,126.46027131782948,130.99319729842367,131.3174586142263
132.39306640625,521.0,117087.796875,2022-07-28 23:15:27,117087.8,129.5129198966408,131.07991099624846,131.36076974868774
130.9422607421875,522.0,117315.1015625,2022-07-29 14:45:57,117315.1,134.97243589743587,131.24714018590413,131.35130977630615
130.41790771484375,523.0,117421.703125,2022-07-29 23:04:07,117421.7,128.47880116959064,131.21519639106884,131.32829475402832
131.86669921875,524.0,117567.3984375,2022-07-30 13:20:44,117567.4,131.62741545893718,131.21253005443634,131.39577198028564
131.04689025878906,525.0,117818.796875,2022-07-30 22:45:59,117818.8,134.67832647462276,131.02264232613456,131.39529320501512
132.2941436767578,526.0,118041.796875,2022-07-31 14:09:57,118041.8,135.55546737213407,131.1308330791043,131.3947229385376
131.06515502929688,527.0,118159.8984375,2022-07-31 20:03:28,118159.9,135.3671875,131.1308330791043,131.3947229385376
131.663818359375,528.0,118323.3984375,2022-08-01 01:14:22,118323.4,132.99067164179104,131.27391557560816,131.48156178792317
130.9055938720703,529.0,118518.5,2022-08-01 12:21:59,118518.5,130.4183760683761,131.5222337118653,131.49866564520474
129.9984130859375,530.0,118818.8984375,2022-08-02 00:54:01,118818.9,134.36488340192042,132.09012420564844,131.55374380258414
130.5819549560547,531.0,118907.296875,,,,,131.57850194860387
131.00856018066406,532.0,119135.796875,,,,,131.61776281286168
130.83865356445312,533.0,119135.796875,2022-08-02 14:59:50,119135.8,125.66435185185186,132.1594378794728,131.61776281286168
131.95065307617188,534.0,119315.3984375,2022-08-02 22:11:41,119315.4,130.86868686868686,131.93076195715668,131.43910099909857
131.27281188964844,535.0,119399.203125,,,,,131.44811157226562
132.57174682617188,536.0,119541.703125,2022-08-03 15:25:01,119541.7,132.6304012345679,132.15831544813392,131.51009192833533
131.6865234375,537.0,119730.703125,2022-08-03 23:16:43,119730.7,132.22857744107745,132.27856070047451,131.48319244384766
131.1674041748047,538.0,119907.5,2022-08-04 11:58:45,119907.5,133.78788986354778,132.2285274474752,131.50370260385367
132.4183349609375,539.0,120027.296875,2022-08-04 16:48:26,120027.3,131.1378726287263,132.40708584166012,131.58570920504056
131.04421997070312,540.0,120171.8984375,2022-08-05 00:08:51,120171.9,131.85079365079363,132.4460693607963,131.57446960449218
131.04638671875,541.0,120374.8984375,2022-08-05 14:20:43,120374.9,132.42151675485007,132.1971623720243,131.57446934626654
131.58770751953125,542.0,120528.6015625,2022-08-06 07:35:13,120528.6,133.14305555555558,132.20689087140377,131.60394908763743
132.2222137451172,543.0,121374.703125,2022-08-08 11:58:39,121374.7,130.61489898989902,131.66916357066464,131.6828212738037
132.50411987304688,544.0,121581.703125,2022-08-08 20:44:54,121581.7,133.89430894308947,131.66916357066464,131.7306850267493
131.70755004882812,545.0,121783.1015625,2022-08-09 12:13:02,121783.1,131.73841503267974,132.00276422170975,131.80754961286272
133.05960083007812,546.0,122024.6015625,2022-08-10 00:17:42,122024.6,131.69400161030595,131.92169818499858,131.7742805480957
131.6936798095703,547.0,122200.203125,,,,,131.7025640578497
131.47552490234375,548.0,122308.703125,2022-08-10 13:54:45,122308.7,133.87170433145008,131.530831273877,131.70409574962798
132.55007934570312,549.0,122485.6015625,,,,,131.63785734630767
131.37599182128906,550.0,122676.703125,2022-08-11 10:33:24,122676.7,133.1689133986928,131.39432737878724,131.55228242420014
131.245361328125,551.0,122780.6015625,2022-08-11 14:40:25,122780.6,128.72843567251462,131.39432737878724,131.52867057106712
132.37042236328125,552.0,123010.0,2022-08-12 07:04:02,123010.0,132.41118935837247,131.49669020872773,131.5801107233221
131.7691650390625,553.0,123114.5,2022-08-12 12:26:32,123114.5,130.67913011695907,131.32333308424217,131.64625881029212
131.23904418945312,554.0,123258.6015625,2022-08-12 16:29:13,123258.6,131.1799645390071,131.32333308424217,131.64625881029212
130.7505340576172,555.0,124331.3984375,2022-08-15 00:44:05,124331.4,129.4094982078853,131.00314025886905,131.39573669433594
132.4701690673828,556.0,124609.203125,2022-08-15 12:48:01,124609.2,131.96897163120565,130.9647590726781,131.35432065766435
130.36981201171875,557.0,124664.296875,2022-08-15 15:29:22,124664.3,127.19444444444444,130.8481451321634,131.35723012288412
131.71868896484375,558.0,124802.796875,2022-08-15 23:47:33,124802.8,130.19078947368422,130.8481451321634,131.3456284095501
129.77639770507812,559.0,124883.5,,,,,131.34098924909318
130.7880859375,560.0,125009.703125,,,,,131.25527027675085
130.8773956298828,561.0,125111.203125,,,,,131.25437190614898
131.03282165527344,562.0,125227.203125,,,,,131.22648199673355
132.17807006835938,563.0,125436.1015625,2022-08-17 13:37:24,125436.1,134.0593220338983,130.34566863271235,131.2369895145811
133.36021423339844,564.0,125593.0,,,,,131.18126231226427
131.32901000976562,565.0,125593.0,2022-08-17 21:51:43,125593.0,130.369341563786,130.3997187188634,131.18126231226427
132.58670043945312,566.0,125765.8984375,2022-08-18 10:09:17,125765.9,132.37499999999997,130.53030631546707,131.19275719778878
129.89932250976562,567.0,125798.1015625,,,,,131.17811742322198
130.5779571533203,568.0,125918.3984375,,,,,131.17811742322198
133.05523681640625,569.0,126076.1015625,2022-08-19 02:41:49,126076.1,134.5952380952381,130.3720885973854,131.20352834065756
130.21908569335938,570.0,126186.796875,2022-08-19 07:19:59,126186.8,127.44243421052629,130.3720885973854,131.20352834065756
130.99795532226562,571.0,126318.296875,2022-08-19 13:34:00,126318.3,129.52443415637865,130.39508910578775,131.24747343986266
131.1931915283203,572.0,126395.296875,2022-08-19 15:40:21,126395.3,128.0280612244898,130.39508910578775,131.24747343986266
131.1190643310547,573.0,126552.6015625,,,,,131.24747343986266
129.3977813720703,574.0,126784.296875,2022-08-20 14:48:18,126784.3,132.1687908496732,130.60990629122642,131.30937842166784
131.85853576660156,575.0,127005.796875,,,,,131.33786280014937
131.4416046142578,576.0,127157.703125,2022-08-21 12:16:10,127157.7,128.74909420289856,130.56411665383033,131.32486500459558
130.1499481201172,577.0,127476.8984375,2022-08-22 00:18:55,127476.9,130.19399509803924,130.69030064952193,131.36514420942828
131.22921752929688,578.0,127579.296875,,,,,131.38317728042603
130.5671844482422,579.0,127671.796875,2022-08-22 12:26:10,127671.8,125.6823361823362,130.54656717739633,131.36276106400922
131.55007934570312,580.0,127899.703125,,,,,131.3698407341452
130.75433349609375,581.0,127976.703125,2022-08-22 22:54:51,127976.7,133.3840909090909,130.13739063438362,131.34534893613872
132.1488037109375,582.0,128252.1015625,2022-08-23 12:38:47,128252.1,133.67936507936506,130.3230403800575,131.33208513259888
130.76820373535156,583.0,128294.1015625,2022-08-23 14:07:57,128294.1,128.40670731707314,130.26325777136185,131.30851888656616
131.94044494628906,584.0,128574.1015625,2022-08-24 00:18:04,128574.1,129.64776867030963,130.39912625202135,131.37828654627646
132.56582641601562,585.0,128770.1015625,2022-08-24 12:05:28,128770.1,130.83209876543208,130.2255750154366,131.35733388264973
133.02651977539062,586.0,129153.6015625,,,,,131.38276198814654
131.51129150390625,587.0,129280.796875,2022-08-25 13:39:04,129280.8,134.90625,130.2540153324102,131.32273864746094
131.947021484375,588.0,129363.796875,,,,,131.38690388997395
131.08135986328125,589.0,129363.796875,2022-08-25 16:43:14,129363.8,129.80008417508415,130.1742330191909,131.38690388997395
132.0282440185547,590.0,129538.3984375,2022-08-26 00:42:59,129538.4,130.61680327868854,130.2623199572137,131.37085825602213
131.50814819335938,591.0,129728.796875,2022-08-26 14:58:37,129728.8,129.3447971781305,130.32537103031015,131.3684187264278
130.36109924316406,592.0,129893.0,,,,,131.3379684448242
129.11093139648438,594.0,130119.1015625,2022-08-27 15:26:33,130119.1,123.39499999999998,130.5799038334057,131.34944891160535
132.4759063720703,593.0,130119.1015625,2022-08-27 14:56:43,130119.1,134.8234649122807,130.5799038334057,131.34944891160535
132.97235107421875,595.0,130348.0,2022-08-28 00:07:55,130348.0,128.77272727272728,130.343486350881,131.30839729309082
129.6639404296875,596.0,130380.6015625,2022-08-28 09:43:01,130380.6,126.42210144927536,130.343486350881,131.30839729309082
132.91943359375,597.0,130722.0,2022-08-28 20:27:13,130722.0,134.6392857142857,130.00851152586222,131.2513640432647
131.83258056640625,598.0,130789.0,2022-08-29 00:06:16,130789.0,131.00000000000003,129.87740961323715,131.2233190536499
131.33155822753906,599.0,131042.796875,2022-08-29 12:13:01,131042.8,133.52410130718954,130.10086512114384,131.295756816864
131.2674560546875,600.0,131219.703125,2022-08-30 01:28:57,131219.7,127.64686761229314,130.2027686820638,131.30452919006348
130.99758911132812,601.0,131336.296875,2022-08-30 07:02:11,131336.3,129.20580808080803,130.11753074429612,131.24058723449707
131.6927032470703,602.0,131426.40625,2022-08-30 08:55:11,131426.4,129.42687074829928,130.05763037567212,131.2419891357422
131.54246520996094,603.0,131670.296875,2022-08-30 16:28:53,131670.3,133.95631313131318,129.88622944662004,131.2012109195485
129.36233520507812,604.0,131706.5,2022-08-30 18:55:53,131706.5,126.12566137566134,129.88622944662004,131.2012109195485
131.37716674804688,605.0,131993.703125,2022-08-31 06:00:35,131993.7,132.37640646976087,129.4191822775502,131.10277826645796
130.4549102783203,606.0,132256.90625,2022-08-31 15:32:31,132256.9,131.64440359477123,129.29086441901134,131.00167308134192
131.6976318359375,607.0,132432.09375,2022-08-31 21:34:42,132432.1,131.5503472222222,129.41663547449366,131.07491930793313
131.02523803710938,608.0,132470.59375,2022-08-31 23:26:32,132470.6,135.58993055555553,129.41663547449366,131.07491930793313
130.35015869140625,609.0,132575.90625,2022-09-01 07:22:07,132575.9,129.25781249999997,129.54365662173123,131.0938001360212
130.08702087402344,610.0,132705.59375,2022-09-01 14:32:24,132705.6,125.78522727272724,129.68527009371212,131.06991271972657
130.51596069335938,611.0,132814.5,2022-09-01 22:28:49,132814.5,123.85732323232322,129.68527009371212,131.06991271972657
131.21133422851562,612.0,132922.40625,2022-09-02 09:33:09,132922.4,125.04563492063492,129.82446047589283,131.054868293531
128.13494873046875,613.0,132962.09375,,,,,130.97491542271206
132.38442993164062,614.0,133143.40625,2022-09-03 01:22:50,133143.4,128.9676724137931,129.9991332424549,130.97491542271206
133.08621215820312,615.0,133408.09375,2022-09-03 13:17:56,133408.1,134.66346153846155,129.96784136285152,131.00108991350447
132.22116088867188,616.0,133593.40625,2022-09-03 23:27:03,133593.4,132.5010683760684,130.0036274121257,131.00497044154577
130.51968383789062,617.0,133733.0,2022-09-04 07:25:16,133733.0,128.4454365079365,129.9208479515995,131.00729751586914
131.28684997558594,618.0,133857.796875,2022-09-04 12:40:46,133857.8,128.38042005420056,129.86982287713695,130.99948925442166
131.03216552734375,619.0,133945.90625,2022-09-04 15:41:17,133945.9,124.139705882353,129.88411165548655,130.97968314034597
131.84988403320312,620.0,134133.5,2022-09-05 04:33:46,134133.5,130.66212606837607,129.9626367156353,131.00296698676215
131.6265411376953,621.0,134251.296875,2022-09-05 10:33:47,134251.3,131.14740143369175,130.1201777369707,131.0624777657645
128.50445556640625,622.0,134279.203125,2022-09-05 15:00:43,134279.2,123.52604166666669,130.1201777369707,131.0624777657645
131.0619659423828,623.0,134370.5,2022-09-05 18:13:03,134370.5,124.97361111111113,130.25830405479687,131.0834083557129
129.5658416748047,624.0,134502.40625,,,,,131.0886925591363
130.53297424316406,625.0,134597.40625,2022-09-06 05:34:57,134597.4,126.56456456456456,130.2650749865306,131.0886925591363
132.85147094726562,626.0,134850.703125,2022-09-06 13:09:58,134850.7,133.31553819444443,130.1711202519647,131.0780029296875
131.73574829101562,627.0,135001.296875,2022-09-06 17:05:09,135001.3,133.60833333333335,129.79963408330715,131.06262866870776
130.08213806152344,628.0,135080.90625,2022-09-06 21:46:53,135080.9,133.20643939393943,129.81656600778553,131.08241950141058
130.66864013671875,629.0,135176.40625,,,,,131.04028980152026
129.64306640625,630.0,135452.703125,2022-09-07 14:16:53,135452.7,135.23931623931625,129.93607545070805,131.09406280517578
129.66831970214844,631.0,135452.703125,,,,,131.09406280517578
131.0714111328125,632.0,135676.796875,2022-09-07 21:36:34,135676.8,131.13932291666666,129.97032881141536,131.16568603515626
134.59671020507812,633.0,135904.703125,2022-09-08 15:03:21,135904.7,133.52991452991455,130.03931687113914,131.2260940139358
131.46737670898438,634.0,136055.703125,2022-09-08 19:06:12,136055.7,134.63346883468833,129.85284387382058,131.19127345729518
132.37106323242188,635.0,136105.59375,2022-09-08 21:54:46,136105.6,130.7458333333333,129.77259464647972,131.16266547309027
129.98513793945312,636.0,136173.40625,2022-09-09 07:26:23,136173.4,124.25571895424837,129.77259464647972,131.16266547309027
130.71649169921875,637.0,136324.5,2022-09-09 12:49:19,136324.5,127.57300569800567,129.81356325908664,131.19664001464844
131.81790161132812,638.0,136493.09375,2022-09-09 20:11:11,136493.1,132.39691358024692,130.03565702726223,131.19876185825893
131.98471069335938,639.0,136664.90625,2022-09-10 00:35:01,136664.9,135.00310945273637,130.10399453198937,131.2246526082357
131.81597900390625,640.0,136863.5,2022-09-10 12:51:49,136863.5,134.5402199074074,130.3739271178677,131.33852428860135
131.56739807128906,641.0,136991.40625,2022-09-11 07:03:25,136991.4,132.59307628524047,130.54268699307883,131.34642595563616
132.34461975097656,642.0,137219.703125,2022-09-11 19:26:43,137219.7,133.78670634920633,130.7414212894694,131.35970023018973
131.4458465576172,643.0,137339.59375,2022-09-12 00:54:36,137339.6,128.543253968254,130.90030919652253,131.39482922024197
128.4356231689453,644.0,137339.59375,2022-09-12 01:22:06,137339.6,126.65013227513228,130.90030919652253,131.39482922024197
131.07601928710938,645.0,137485.296875,2022-09-12 07:58:51,137485.3,124.710113960114,130.82483329033744,131.3758773803711
129.52362060546875,646.0,137591.203125,2022-09-12 15:17:46,137591.2,127.28602430555556,130.65266308545085,131.4224064418248
131.75119018554688,647.0,137752.90625,2022-09-13 08:35:04,137752.9,126.92698412698412,130.65266308545085,131.44825526646204
130.9586639404297,648.0,137838.203125,2022-09-13 12:25:55,137838.2,124.29947916666669,130.65266308545085,131.44825526646204
131.93212890625,649.0,137990.90625,2022-09-13 23:17:17,137990.9,130.06377995642703,130.6467471649516,131.53078220912388
132.57591247558594,650.0,138235.40625,2022-09-14 09:59:47,138235.4,133.9314236111111,130.67818401021617,131.55909771389432
131.9905548095703,651.0,138307.90625,2022-09-14 12:37:48,138307.9,128.35482804232802,130.67818401021617,131.55909771389432
131.7978515625,652.0,138462.09375,2022-09-14 21:22:27,138462.1,128.32337962962964,130.664808631115,131.47359890407986
132.05447387695312,653.0,138703.09375,2022-09-15 15:35:47,138703.1,133.80367231638417,130.75386438881478,131.47801836799172
130.8849334716797,654.0,138756.296875,2022-09-15 18:49:37,138756.3,125.80729166666669,130.75386438881478,131.47801836799172
132.39138793945312,655.0,139041.796875,2022-09-16 10:09:03,139041.8,132.94965277777777,130.9108529679302,131.52061786073628
131.58932495117188,656.0,139041.796875,2022-09-16 10:34:43,139041.8,130.0032679738562,130.9108529679302,131.52061786073628
132.23812866210938,657.0,139174.203125,2022-09-16 13:15:14,139174.2,132.50978535353534,130.957296148851,131.5294822924065
131.99224853515625,658.0,139322.59375,2022-09-16 16:21:34,139322.6,131.0714330808081,131.02933950571622,131.51613377162388
129.4893341064453,659.0,139506.296875,2022-09-17 05:48:14,139506.3,132.92406204906206,130.84139072122676,131.5054940888376
131.07408142089844,660.0,139617.203125,,,,,131.5651658002068
132.6243438720703,661.0,139797.796875,2022-09-17 14:10:08,139797.8,135.9847222222222,130.95062889274757,131.46648855770334
132.16920471191406,662.0,139969.703125,,,,,131.58073471531725
132.07052612304688,663.0,140043.703125,,,,,131.59650707244873
131.57334899902344,664.0,140151.703125,,,,,131.66337437783517
131.27403259277344,665.0,140394.203125,2022-09-18 13:19:51,140394.2,135.06183862433863,131.94674099651132,131.62429451942444
130.92579650878906,666.0,140394.203125,,,,,131.62429451942444
131.4666748046875,667.0,140501.296875,2022-09-18 20:02:59,140501.3,128.64930555555554,132.02519770651483,131.61436437791394
132.15487670898438,668.0,140692.09375,2022-09-19 00:56:50,140692.1,134.11130672926447,131.78843862454534,131.58928608894348
131.5187530517578,669.0,140938.796875,2022-09-20 00:15:11,140938.8,133.11527777777778,131.80373959133658,131.56519760624056
131.02664184570312,670.0,141056.09375,2022-09-20 06:00:02,141056.1,130.88802083333334,131.95505958967166,131.71324822210497
132.462158203125,671.0,141348.09375,2022-09-20 13:48:49,141348.1,133.61173510466992,132.1182626765699,131.73666915893554
132.27723693847656,672.0,141575.90625,2022-09-21 03:43:14,141575.9,136.30351851851853,132.2681190783325,131.72998967663995
131.81869506835938,673.0,141718.5,2022-09-21 08:26:14,141718.5,133.04655349794237,132.37239955314868,131.7389197513975
130.7730712890625,674.0,141813.0,,,,,131.7389197513975
133.53433227539062,675.0,142015.40625,2022-09-21 18:56:56,142015.4,137.16444444444448,132.70154722541977,131.857776773387
128.98959350585938,676.0,142244.40625,2022-09-22 00:39:57,142244.4,130.52232142857144,132.52799753818616,131.85092347243736
132.1851043701172,677.0,142464.203125,2022-09-22 12:47:52,142464.2,129.09116161616163,132.38901400446613,131.8878288269043
131.4943084716797,678.0,142652.796875,2022-09-23 05:13:33,142652.8,127.45942265795206,132.3243906318566,131.9086159015524
133.6970672607422,679.0,142844.703125,2022-09-23 13:54:07,142844.7,133.91631944444447,132.24678368764305,131.9256716410319
127.9312973022461,680.0,142844.703125,,,,,131.9256716410319
130.81185913085938,681.0,143061.296875,2022-09-24 02:20:34,143061.3,126.106220657277,132.10196743788768,131.95694627432988
132.23043823242188,682.0,143330.296875,2022-09-24 14:51:05,143330.3,130.86503623188406,132.15220652674176,131.93380500530375
136.38742065429688,683.0,143509.09375,,,,,132.0292650858561
131.9287872314453,684.0,143586.0,2022-09-24 22:43:11,143586.0,131.24637230514097,132.28206465134429,132.0638383010338
132.0503387451172,685.0,143949.0,2022-09-25 13:41:34,143949.0,133.98164251207731,132.50538388617494,131.97838770548503
132.49710083007812,686.0,144213.703125,2022-09-26 04:18:20,144213.7,134.6996753246753,132.40262866731973,131.9929074605306
132.18194580078125,687.0,144355.703125,2022-09-26 07:47:23,144355.7,135.2579861111111,132.59997823911374,132.04894046125742
132.74649047851562,688.0,144513.296875,2022-09-26 11:28:04,144513.3,135.64961013645222,132.67020699629884,132.09550654093425
130.87533569335938,689.0,144617.203125,2022-09-26 15:12:44,144617.2,128.88345410628017,132.71951060935243,132.04686343285346
132.796875,690.0,144828.40625,2022-09-27 09:53:46,144828.4,132.97095959595958,132.7157958221555,132.14135373023248
132.78555297851562,691.0,144895.59375,2022-09-28 12:10:14,144895.6,132.34513888888887,132.7157958221555,132.19649195671082
133.20709228515625,692.0,145081.09375,2022-09-29 08:34:59,145081.1,133.97147147147146,132.79967386540855,132.15003657341003
131.32098388671875,693.0,145141.703125,2022-09-29 10:54:29,145141.7,129.19097222222223,132.939650181191,132.20925972678444
132.4202880859375,694.0,145271.5,2022-09-29 13:41:29,145271.5,130.30661008230453,133.15042816285404,132.1996411410245
130.799072265625,695.0,145387.0,,,,,132.29688024520874
131.84872436523438,696.0,145535.0,2022-10-01 03:48:55,145535.0,127.84395424836602,133.0081773141468,132.28930155436197
131.48377990722656,697.0,145709.796875,2022-10-08 11:12:15,145709.8,135.36728395061726,133.2672765707215,132.38496167732006
133.0964813232422,698.0,145832.90625,,,,,132.37360960064512
133.21987915039062,699.0,145977.5,2022-10-08 17:35:26,145977.5,134.96768707482994,133.35967042990757,132.37360960064512
131.21658325195312,700.0,146159.0,2022-10-08 22:44:37,146159.0,135.88372507122506,133.44420235489824,132.28682279586792
130.7458953857422,701.0,146293.203125,2022-10-09 10:01:21,146293.2,135.59305555555557,133.4724911681838,132.34703467873965
132.71282958984375,702.0,146452.40625,2022-10-09 13:42:32,146452.4,133.73463804713805,133.4529084241879,132.356025464607
132.22381591796875,703.0,146741.5,2022-10-09 22:51:33,146741.5,137.9802927927928,133.45013985987134,132.24497088264016
133.4459228515625,704.0,146879.40625,2022-10-10 10:21:46,146879.4,134.42592592592592,133.48060806707565,132.2015380859375
134.36032104492188,705.0,147027.703125,2022-10-10 13:44:07,147027.7,138.44633838383837,133.39718491056118,132.1850243770715
129.76158142089844,706.0,147027.703125,,,,,132.1850243770715
131.91879272460938,707.0,147214.203125,2022-10-10 21:10:58,147214.2,130.42573696145126,133.60764406635278,132.24277380741003
133.90577697753906,708.0,147352.90625,,,,,132.27064190488872
130.6985321044922,709.0,147402.796875,2022-10-11 10:18:28,147402.8,131.27199074074073,133.68912070442778,132.2545509338379
134.10440063476562,710.0,147590.0,2022-10-12 06:15:22,147590.0,136.57903439153438,133.7604470307541,132.24214792251587
131.17689514160156,711.0,147659.5,,,,,132.27186289141255
132.54037475585938,712.0,147802.09375,2022-10-13 04:32:38,147802.1,127.18798449612406,134.109286672362,132.30985924505418
132.04678344726562,713.0,148001.09375,2022-10-13 10:53:39,148001.1,136.03799019607845,134.16298923385307,132.42127990722656
133.96864318847656,714.0,148183.59375,2022-10-13 18:25:37,148183.6,133.10190058479532,134.38376450117585,132.36880886939264
131.85581970214844,715.0,148264.59375,,,,,132.39830983479817
133.16542053222656,716.0,148483.59375,,,,,132.3000856596848
134.62014770507812,717.0,148670.0,2022-10-14 17:55:52,148670.0,136.59631642512076,134.0764718602717,132.3503365352236
132.00070190429688,718.0,148756.5,2022-10-15 07:29:41,148756.5,131.05588624338623,134.0764718602717,132.31552327473958
132.6907958984375,719.0,149028.40625,2022-10-15 15:36:20,149028.4,134.55436507936506,134.0205313896931,132.3141905685951
128.386474609375,720.0,149178.703125,2022-10-15 18:33:30,149178.7,133.52346743295018,133.87651351212492,132.3157722719254
130.70523071289062,721.0,149259.40625,2022-10-15 21:11:01,149259.4,136.0806277056277,133.6899780902764,132.31883748372397
132.78106689453125,722.0,149532.796875,2022-10-16 11:15:52,149532.8,134.35539215686276,133.74882884074648,132.39073233768858
133.71652221679688,723.0,149797.09375,2022-10-16 18:20:53,149797.1,133.74537037037035,133.8470347791184,132.4075575203731
132.81019592285156,724.0,150016.5,2022-10-17 01:33:44,150016.5,135.75462962962962,133.94363122604378,132.35775320870536
133.59817504882812,725.0,150208.90625,,,,,132.34202049518453
134.25311279296875,726.0,150400.40625,2022-10-17 16:49:36,150400.4,135.39814814814812,133.68350470557655,132.31206012594288
130.2221221923828,727.0,150606.5,2022-10-17 22:04:57,150606.5,133.14256066411238,133.58113577120693,132.3215342930385
131.06954956054688,728.0,150819.296875,2022-10-18 13:40:33,150819.3,132.53615384615384,133.75907719821882,132.25690732683455
132.67385864257812,729.0,151047.796875,2022-10-18 21:50:26,151047.8,132.23104700854702,133.94093633251228,132.22951126098633
131.30593872070312,730.0,151192.296875,,,,,132.15810993739538
131.10455322265625,731.0,151329.5,,,,,132.1670025416783
134.03355407714844,732.0,151626.703125,2022-10-20 19:32:33,151626.7,136.44329805996472,134.11582251739384,132.14186477661133
130.64385986328125,733.0,151645.0,2022-10-21 05:37:20,151645.0,128.28535353535352,134.11582251739384,132.14186477661133
132.74546813964844,734.0,151811.0,2022-10-21 09:37:50,151811.0,138.45957341269838,134.05615077375083,132.33866712782117
134.58847045898438,735.0,152027.703125,2022-10-21 15:49:04,152027.7,135.7074074074074,133.7671406334865,132.3155245099749
132.40672302246094,736.0,152208.203125,2022-10-21 20:43:25,152208.2,132.58626760563376,133.87366296464117,132.28053392682756
130.80223083496094,737.0,152443.0,2022-10-22 03:06:06,152443.0,133.3971125730994,133.950908840982,132.25953129359655
133.2794647216797,738.0,152672.40625,2022-10-22 11:13:59,152672.4,133.2377380952381,133.61860045669135,132.20532594878097
132.80996704101562,740.0,152704.40625,2022-10-22 13:15:20,152704.4,127.77029914529916,133.61860045669135,132.20532594878097
131.09336853027344,739.0,152704.40625,2022-10-22 12:58:30,152704.4,133.9558080808081,133.61860045669135,132.20532594878097
131.67152404785156,741.0,152871.40625,2022-10-22 18:58:39,152871.4,130.44739952718675,133.68081240493828,132.11709331643993
131.0099334716797,742.0,153112.5,2022-10-23 06:04:30,153112.5,133.36805555555554,133.8430349061333,132.1181537083217
133.00497436523438,743.0,153299.703125,2022-10-23 11:54:00,153299.7,137.58557504873292,133.7932271177208,132.1163472142713
132.39833068847656,744.0,153498.796875,2022-10-23 18:10:32,153498.8,138.30555555555554,133.97245734309496,132.194283320986
132.62091064453125,745.0,153602.90625,2022-10-23 21:38:42,153602.9,133.82673041894353,134.04211375647685,132.17715563092912
132.24969482421875,746.0,153827.296875,2022-10-24 13:07:06,153827.3,135.0224499089253,133.59552741629167,131.9048001607259
131.9869384765625,747.0,154108.703125,2022-10-24 22:25:42,154108.7,137.72954204204206,133.48875419306273,131.95114517211914
132.2635040283203,748.0,154290.0,,,,,132.04895706176757
131.690673828125,749.0,154416.703125,2022-10-25 19:29:45,154416.7,127.1199074074074,133.2780867802877,132.02493943839238
131.80133056640625,750.0,154637.203125,2022-10-26 02:13:09,154637.2,136.91192810457517,133.282407767942,131.87913749957906
133.12844848632812,751.0,154913.40625,2022-10-26 14:10:56,154913.4,135.5992714025501,133.52518889457377,131.9899936544484
132.36233520507812,752.0,155092.40625,2022-10-26 19:18:57,155092.4,133.22653256704982,133.6915719763965,132.14195593472184
131.13543701171875,753.0,155119.296875,2022-10-27 09:31:10,155119.3,128.17129629629628,133.6915719763965,132.14195593472184
131.0394287109375,754.0,155316.796875,2022-10-27 14:31:31,155316.8,135.23611111111114,133.9707211826363,132.32936232430595
132.38783264160156,755.0,155538.703125,2022-10-27 21:58:42,155538.7,138.91545893719808,134.1388629373979,132.36958549762593
132.06576538085938,756.0,155674.796875,2022-10-28 01:53:02,155674.8,132.54803240740742,134.17097991164133,132.41631264522158
133.32969665527344,757.0,155932.703125,2022-10-28 13:35:17,155932.7,137.1961397058824,134.1472269461095,132.42547480265299
132.04437255859375,758.0,156133.703125,2022-10-28 21:35:52,156133.7,131.81975623582767,133.85777109816843,132.3593863125505
123.29586029052734,759.0,156155.0,2022-10-29 16:25:23,156155.0,128.02060185185186,133.85777109816843,132.3593863125505
132.14935302734375,760.0,156299.296875,2022-10-30 12:03:00,156299.3,129.78156565656565,133.94299624421038,132.96150469779968
132.49490356445312,761.0,156545.09375,2022-10-30 22:05:50,156545.1,130.4991039426523,133.89606347617925,133.09749341011047
136.69972229003906,762.0,156689.0,,,,,133.14069056510925
130.91204833984375,763.0,156689.0,2022-10-31 03:09:29,156689.0,130.52269647696474,133.72181445045825,133.14069056510925
130.36021423339844,764.0,157021.296875,2022-10-31 15:53:05,157021.3,135.8240740740741,134.0361909763178,133.31313786362156
135.62155151367188,765.0,157322.203125,2022-11-01 15:21:24,157322.2,139.14135802469136,134.15685541067393,133.63295658656529
135.20913696289062,766.0,157481.5,2022-11-01 19:04:15,157481.5,137.88945578231292,134.0946704501008,133.6285895211356
132.98362731933594,767.0,157645.59375,2022-11-01 22:30:25,157645.6,134.5594315245478,134.45211845204057,133.74251094008937
137.30459594726562,768.0,157777.296875,,,,,133.78550436837332
136.82852172851562,769.0,157882.703125,2022-11-24 04:11:12,157882.7,134.65094339622644,134.0169561415023,133.8537652151925
128.33883666992188,770.0,157882.703125,,,,,133.8537652151925
132.36502075195312,771.0,158046.703125,,,,,133.8962985144721
134.3784942626953,772.0,158251.90625,2022-11-25 13:12:13,158251.9,137.015503875969,132.9943205249087,134.01571125454373
131.31765747070312,773.0,158251.90625,,,,,134.01571125454373
130.6772003173828,774.0,158499.0,2022-11-26 00:58:07,158499.0,131.32757452574526,132.26732881163312,134.15111401206568
144.76153564453125,775.0,158740.40625,,,,,134.54319185824008
139.56813049316406,776.0,158756.296875,,,,,134.55776656301398
132.0162811279297,777.0,158756.296875,2022-11-27 23:36:44,158756.3,135.9031746031746,132.4998866470524,134.55776656301398
136.60133361816406,778.0,158891.296875,,,,,134.68267621492086
133.36924743652344,779.0,159060.5,,,,,134.72433190596732
141.5152130126953,780.0,159315.5,,,,,134.72970902292352
128.23443603515625,781.0,159315.5,,,,,134.72970902292352
133.03598022460938,782.0,159469.59375,,,,,134.6553939428085
139.6014404296875,783.0,159656.296875,,,,,134.69798983060397
138.61541748046875,784.0,159732.0,,,,,134.69798983060397
131.40440368652344,785.0,159732.0,2022-11-30 13:46:55,159732.0,139.44588122605367,132.02612343226426,134.69798983060397
132.97560119628906,786.0,159912.703125,2022-12-01 03:16:56,159912.7,134.2933872305141,131.90343769935592,134.55418552496494
139.583984375,787.0,160164.59375,,,,,134.49801314504523
129.4058074951172,788.0,160164.59375,,,,,134.49801314504523
133.42855834960938,789.0,160295.40625,2022-12-02 05:15:57,160295.4,126.96802721088436,131.61080345052386,134.44670809232272
136.46327209472656,790.0,160417.40625,2022-12-02 13:40:50,160417.4,130.75531045751637,131.4786234528846,134.54741235681482
131.3095245361328,791.0,160537.796875,2022-12-03 04:07:51,160537.8,125.98944978632478,131.8302884079927,134.39378591684195
136.3646240234375,792.0,160676.5,2022-12-03 14:42:03,160676.5,128.28297491039427,131.90295301010653,134.41483091696713
133.3512420654297,793.0,160770.796875,2022-12-04 03:42:13,160770.8,128.92109173126613,131.68993005736226,134.46568499113383
136.22198486328125,794.0,160916.296875,2022-12-04 13:34:27,160916.3,128.66372053872053,131.71232022880514,134.4988508958083
136.93319702148438,795.0,160973.796875,2022-12-05 00:47:31,160973.8,129.60615079365078,131.71232022880514,134.5223003387451
135.6959991455078,796.0,161153.90625,2022-12-05 14:58:25,161153.9,135.4849290780142,131.72835129976593,134.62089264698517
135.09703063964844,797.0,161245.703125,2022-12-06 04:13:10,161245.7,129.4717013888889,131.98468673134337,134.3303457406851
136.8959197998047,798.0,161374.5,2022-12-06 14:04:30,161374.5,126.97039930555556,132.0738375249942,134.26042817768297
134.07781982421875,799.0,161471.296875,2022-12-07 03:35:59,161471.3,125.92086563307494,132.35891675233665,134.17875593136517
136.15452575683594,800.0,161601.59375,2022-12-07 12:00:48,161601.6,127.03288398692808,132.35891675233665,134.2000587864926
131.6615753173828,801.0,161714.59375,,,,,134.1824207794972
131.8314208984375,802.0,161887.90625,2022-12-08 12:01:12,161887.9,131.66805555555555,132.46725741274392,134.12798563639322
132.02145385742188,803.0,162092.296875,2022-12-09 03:32:16,162092.3,136.63856837606838,132.46725741274392,134.3054126739502
130.01318359375,804.0,162312.09375,2022-12-09 13:45:56,162312.1,136.31958616780045,132.2917418408276,134.0016507600483
131.5040283203125,805.0,162450.296875,2022-12-10 00:53:09,162450.3,130.81454545454548,132.21123915876467,133.93611064710115
138.6020965576172,806.0,162683.796875,2022-12-10 12:08:39,162683.8,134.0095785440613,132.18770118616328,133.9555435180664
131.19961547851562,807.0,162703.0,2022-12-10 14:07:08,162703.0,132.50497903563942,132.18770118616328,133.9555435180664
134.4540252685547,808.0,162936.0,2022-12-11 01:42:13,162936.0,139.91858237547893,132.41832934975542,133.7699807656778
128.6493682861328,809.0,162936.0,,,,,133.7699807656778
133.18577575683594,810.0,163134.09375,2022-12-11 12:00:57,163134.1,133.6469034608379,132.59197050745362,133.71430639318518
133.21377563476562,811.0,163211.203125,,,,,133.73396548709354
135.7591552734375,812.0,163377.0,2022-12-12 13:59:05,163377.0,132.24968434343435,133.0319804382935,133.6120687948691
135.43682861328125,813.0,163434.09375,,,,,133.5395711263021
133.43020629882812,814.0,163690.40625,2022-12-13 13:58:05,163690.4,138.1367370892019,133.08587368420217,133.34964074028863
134.59719848632812,815.0,163781.203125,2022-12-14 06:00:06,163781.2,138.13194444444446,133.2364641965069,133.29971531459265
134.98956298828125,816.0,163904.40625,2022-12-14 09:09:26,163904.4,139.48589743589744,133.60418521309643,133.25374179416232
132.68698120117188,817.0,163959.5,,,,,133.25374179416232
133.51217651367188,818.0,164102.0,,,,,133.24478488498264
134.74826049804688,819.0,164240.90625,,,,,133.390133327908
132.87841796875,820.0,164299.59375,2022-12-16 03:35:51,164299.6,135.28411458333335,133.86995326593288,133.390133327908
137.75509643554688,821.0,164497.5,,,,,133.43364488756333
136.50595092773438,822.0,164582.09375,,,,,133.43364488756333
129.4674835205078,823.0,164707.0,2022-12-19 04:18:59,164707.0,134.70696078431374,134.09273225031822,133.59618975665117
130.48507690429688,824.0,164889.59375,2022-12-20 04:09:29,164889.6,132.11981481481482,133.77007254049926,133.71007778770044
137.9165496826172,825.0,165010.5,,,,,133.71040143464742
131.8116912841797,826.0,165089.203125,2022-12-21 04:11:34,165089.2,131.55217592592595,133.43932783742346,133.79132549579327
129.07046508789062,827.0,165320.59375,2022-12-22 04:03:25,165320.6,131.7625968992248,133.3474167221402,133.63344212582237
129.24957275390625,828.0,165503.59375,2022-12-23 04:20:53,165503.6,130.67776104417672,133.0946795816272,133.74909464518228
137.09201049804688,829.0,165691.90625,,,,,133.76518947056363
128.841064453125,830.0,165829.0,2022-12-24 04:06:49,165829.0,136.05235433604338,133.07259062645872,133.78140752455766
135.0615692138672,831.0,165966.796875,2022-12-24 16:21:33,165966.8,126.21626984126983,133.10687838825143,133.66787099838257
130.73013305664062,832.0,166088.0,2022-12-25 04:14:00,166088.0,135.8538812785388,133.10687838825143,133.66787099838257
138.03436279296875,833.0,166295.296875,,,,,133.64481557210286
130.5062255859375,834.0,166336.40625,2022-12-26 03:56:40,166336.4,135.79570370370368,132.6498363538358,133.64481557210286
136.1334991455078,835.0,166496.203125,2022-12-26 14:10:16,166496.2,134.91591591591597,132.3243096356424,133.6309972490583
133.77639770507812,836.0,166570.296875,2022-12-27 04:04:37,166570.3,128.43423611111115,132.3243096356424,133.6309972490583
136.8941192626953,837.0,166692.90625,2022-12-27 12:02:29,166692.9,129.85198412698412,132.3243096356424,133.63539801703558
137.63385009765625,838.0,166869.703125,2022-12-27 20:09:25,166869.7,135.64950980392155,132.17631938825787,133.62116271972656
129.1976318359375,839.0,166983.0,2022-12-27 23:01:06,166983.0,134.7035802469136,132.17631938825787,133.62116271972656
138.03561401367188,840.0,167173.203125,2022-12-28 15:30:54,167173.2,137.6157407407407,132.17631938825787,133.31600089695144
131.31365966796875,841.0,167240.203125,2022-12-29 04:08:56,167240.2,129.04409090909093,132.04312773583388,133.4909335049716
136.6234588623047,842.0,167346.296875,2022-12-29 12:00:35,167346.3,132.65641534391537,132.04312773583388,133.4909335049716
131.51632690429688,843.0,167464.296875,2022-12-30 03:19:37,167464.3,126.08428819444444,132.03886734255715,133.63406953357514
136.86643981933594,844.0,167579.40625,2022-12-30 12:33:01,167579.4,129.2394781144781,132.03886734255715,133.41994552612306
130.0108184814453,845.0,167774.796875,2022-12-31 04:16:31,167774.8,130.59362962962965,132.0674962494178,133.50459048622534
